Date,Close,High,Low,Open,Volume
2007/1/4,276.4898376,278.6911899,275.1690263,278.6911899,1982000
2007/1/5,274.7286987,276.9300505,274.2884284,276.9300505,2558000
2007/1/9,275.1690369,275.6093073,273.8482255,274.2884959,3076000
2007/1/10,272.0870972,275.1689899,272.0870972,275.1689899,3900000
2007/1/11,271.2065735,273.848196,270.3260327,273.4079255,4014000
2007/1/12,274.288269,274.288269,272.0869186,272.9674588,2662000
2007/1/15,276.0495605,276.9301014,274.2884788,275.1690197,1720000
2007/1/16,275.1690369,276.9301187,274.2884959,276.4898482,2862000
2007/1/17,272.5273132,273.8481241,270.766232,273.4078538,8086000
2007/1/18,270.3260193,272.5273712,270.3260193,272.5273712,8704000
2007/1/19,272.0870972,272.0870972,266.3635822,270.766286,10452000
2007/1/22,272.5273132,272.9675835,270.766232,272.5273132,2816000
2007/1/23,272.5273132,272.9675835,271.2065023,272.9675835,2486000
2007/1/24,272.9676514,273.4079218,272.527381,273.4079218,2620000
2007/1/25,271.2065735,273.848196,271.2065735,273.4079255,2950000
2007/1/26,272.5273132,272.5273132,270.766232,272.0870429,2252000
2007/1/29,271.646759,272.9675699,271.2064888,272.5272996,1988000
2007/1/30,272.5273132,272.9675835,271.2065023,271.2065023,3176000
2007/1/31,271.646759,272.9675699,271.2064888,272.9675699,3524000
2007/2/1,272.0870972,272.5273676,270.766286,272.0870972,3146000
2007/2/2,272.5273132,272.9675835,271.2065023,272.0870429,3352000
2007/2/5,271.2065735,272.9676551,270.7663031,272.9676551,3800000
2007/2/6,272.0870972,272.9676379,271.2065564,271.6468268,2464000
2007/2/7,272.0870972,273.4079083,271.6468268,272.5273676,2536000
2007/2/8,275.1690369,277.3703892,272.9676846,273.407955,5904000
2007/2/9,274.7286987,275.6092394,273.4078877,275.1689691,3766000
2007/2/13,288.3770142,289.6978249,283.9743117,284.4145819,15526000
2007/2/14,292.3394165,294.1004973,287.056174,287.9367144,8674000
2007/2/15,298.5032349,300.2643159,293.660262,294.1005323,14802000
2007/2/16,303.7865295,304.2267999,298.0630152,298.9435559,11138000
2007/2/19,308.1891479,309.9502288,303.7864458,303.7864458,12308000
2007/2/20,305.5475464,307.3086273,303.3461952,307.3086273,9358000
2007/2/21,308.1891479,308.6294182,304.6669863,305.5475267,10438000
2007/2/22,311.7113342,312.5918747,308.1891723,308.1891723,8670000
2007/2/23,314.7933044,314.7933044,311.2711416,312.1516823,5868000
2007/2/26,310.8308716,314.7933048,309.5100605,314.7933048,5402000
2007/2/27,311.2710876,313.0321688,309.0697362,310.3905471,4378000
2007/2/28,308.6294861,309.0697564,301.5851612,303.3462424,9062000
2007/3/1,308.1891479,310.390499,306.8683373,308.6294182,6336000
2007/3/2,305.9878235,307.7489045,305.107283,307.7489045,5120000
2007/3/5,300.2644043,304.6671082,299.3838635,302.4657562,5936000
2007/3/6,305.1072998,306.4281106,297.6227051,297.6227051,9174000
2007/3/7,308.6294861,309.5100267,305.9878642,308.1892158,6872000
2007/3/8,312.5918884,312.5918884,306.4281047,308.1891858,5302000
2007/3/9,311.2710876,313.472439,310.3905471,312.5918985,6046000
2007/3/12,310.3905945,312.5919462,309.0697834,311.7114055,4802000
2007/3/13,309.5100708,311.7114227,308.6295301,310.8308819,4058000
2007/3/14,306.4281006,309.0697221,304.6670195,308.1891816,13110000
2007/3/15,306.4281006,308.6294519,306.4281006,308.1891816,6368000
2007/3/16,305.9878235,308.1891747,301.1448507,305.9878235,8800000
2007/3/19,309.9502563,309.9502563,303.3462026,306.4280943,7084000
2007/3/20,313.9127197,314.35299,310.3905574,311.7113683,7138000
2007/3/22,315.2335815,316.1141223,314.3530408,314.7933112,7194000
2007/3/23,313.9127197,316.1140712,313.0321791,315.6738009,7534000
2007/3/26,312.1517334,313.9128151,310.8309221,313.4725447,18534000
2007/3/27,312.1517029,313.0359853,310.8252792,311.2674204,8992000
2007/3/28,310.8251648,312.593729,309.9408827,311.2673059,4324000
2007/3/29,308.1723633,309.0566455,306.4037988,308.1723633,3664000
2007/3/30,309.940979,311.7095438,309.0566966,309.940979,4342000
2007/4/2,305.0774231,308.1724114,305.0774231,307.2881291,4542000
2007/4/3,306.8459167,308.17234,304.6352113,307.2880578,4948000
2007/4/4,309.940979,309.940979,305.519567,307.2881318,7056000
2007/4/5,310.3831787,310.3831787,307.730331,309.9410374,5636000
2007/4/6,308.614563,309.9409866,308.1724218,309.9409866,1390000
2007/4/9,309.0565796,309.4987206,307.7301565,308.6144386,1962000
2007/4/10,308.1723633,309.4987867,306.4037988,309.4987867,3630000
2007/4/11,306.4038696,308.6145758,304.1931635,308.6145758,4840000
2007/4/12,305.9616089,306.845891,303.7509036,306.4037499,3210000
2007/4/13,302.8666687,306.4037977,302.8666687,305.5195154,2608000
2007/4/16,304.6351624,307.7301495,303.7508803,303.7508803,3356000
2007/4/17,307.7302551,309.4988198,305.9616904,307.288114,7486000
2007/4/18,308.614563,309.0567042,306.8459982,308.1724218,5034000
2007/4/19,301.9824219,307.288116,301.5402807,306.8459748,5894000
2007/4/20,302.42453,304.1930945,302.42453,304.1930945,1780000
2007/4/23,301.9824219,304.6352689,300.6559984,302.8667042,3220000
2007/4/24,304.1931152,304.1931152,300.2138448,301.9824095,2620000
2007/4/25,302.42453,304.6352357,300.2138244,304.6352357,3050000
2007/4/26,303.3088989,304.1931814,301.5403339,303.3088989,2452000
2007/4/27,298.8874207,302.866691,298.8874207,301.5402676,3352000
2007/5/1,295.7923279,299.3294559,295.7923279,299.3294559,2738000
2007/5/2,294.0238647,295.7924293,293.1395824,295.7924293,3424000
2007/5/7,298.8874207,299.771703,298.4452795,299.3295618,4774000
2007/5/8,298.0031433,299.3295668,295.7924375,298.4452845,3506000
2007/5/9,292.6973572,293.5816392,291.3709341,293.5816392,7106000
2007/5/10,284.7388916,285.6231739,284.2967505,285.1810327,10392000
2007/5/11,286.5073242,289.6023107,279.8752102,285.1809014,8636000
2007/5/14,282.0859985,283.8545628,281.6438575,283.8545628,6392000
2007/5/15,280.3175659,280.7597072,279.8754246,280.7597072,4566000
2007/5/16,278.9910583,278.9910583,278.1067761,278.5489172,3684000
2007/5/17,278.9910583,279.8753406,278.5489172,279.8753406,4346000
2007/5/18,280.3175659,281.2018485,279.4332834,280.3175659,4636000
2007/5/21,281.2018738,284.7390043,280.3175912,283.8547216,5264000
2007/5/22,282.9702759,283.4124169,280.3174295,281.2017117,4260000
2007/5/23,284.7388916,286.5074561,282.5281859,283.8546093,4060000
2007/5/24,285.1810303,285.6231714,284.296748,284.7388891,3004000
2007/5/25,281.6437988,282.0859398,280.7595169,281.6437988,4788000
2007/5/28,282.0859985,282.0859985,281.2017164,282.0859985,2090000
2007/5/29,283.4125061,283.8546473,280.7596589,282.0860825,2094000
2007/5/30,281.2018738,282.0861564,280.7597325,281.2018738,4558000
2007/5/31,281.6437988,282.0859398,281.2016579,281.2016579,2902000
2007/6/1,283.4125061,284.7389297,283.4125061,283.8546473,2874000
2007/6/4,282.9702759,283.854558,282.5281348,283.854558,2234000
2007/6/5,283.4125061,283.4125061,282.5282237,282.9703649,2166000
2007/6/6,282.0859985,282.5281396,281.6438575,282.0859985,2860000
2007/6/7,283.4125061,283.4125061,282.5282237,282.9703649,2620000
2007/6/8,281.6437988,281.6437988,280.7595169,280.7595169,6712000
2007/6/11,282.5281372,282.9702783,282.5281372,282.9702783,1352000
2007/6/12,282.5281372,283.4124193,282.5281372,282.9702783,3240000
2007/6/13,282.9702759,282.9702759,280.7595706,281.2017117,3560000
2007/6/14,285.1810303,286.0653125,284.296748,285.1810303,4406000
2007/6/15,284.7388916,285.6231739,283.4124682,284.7388916,1508000
2007/6/18,285.6231995,286.0653406,284.7389171,286.0653406,3254000
2007/6/19,281.2018738,282.5282977,281.2018738,282.0861564,5094000
2007/6/20,280.759613,281.2017542,280.3174719,280.759613,3702000
2007/6/21,281.2018738,281.6440151,280.7597325,280.7597325,3188000
2007/6/22,279.8753052,280.3174463,279.8753052,279.8753052,3740000
2007/6/25,279.433136,280.7595591,279.433136,280.3174181,4030000
2007/6/26,279.8753052,280.7595873,279.8753052,280.3174463,3618000
2007/6/27,282.5281372,282.9702783,281.6438551,282.0859961,5056000
2007/6/28,280.3175659,280.7597072,280.3175659,280.7597072,3634000
2007/6/29,284.2966919,284.2966919,281.2017046,281.6438456,3252000
2007/7/2,282.9702759,284.296699,282.9702759,284.296699,2554000
2007/7/3,281.6437988,283.8545037,281.6437988,283.4123627,2230000
2007/7/4,281.2018738,282.5282977,281.2018738,281.6440151,2034000
2007/7/5,283.4125061,283.8546473,281.2018001,281.6439413,2312000
2007/7/6,282.0859985,282.9702807,281.2017164,282.5281396,2252000
2007/7/9,283.4125061,284.2967885,282.9703649,283.4125061,2084000
2007/7/10,282.5281372,283.8545604,282.5281372,283.8545604,1310000
2007/7/11,280.3175659,282.5282723,280.3175659,282.5282723,3760000
2007/7/12,279.433136,280.7595591,278.9909949,280.7595591,3580000
2007/7/13,280.3175659,280.7597072,278.5490008,279.8754246,8180000
2007/7/17,279.8753052,279.8753052,278.5488819,278.991023,2274000
2007/7/18,277.6646423,278.5489246,277.6646423,278.1067835,4346000
2007/7/19,278.1068115,278.9910939,277.6646703,278.5489527,2834000
2007/7/20,277.6646423,278.5489246,277.6646423,278.1067835,2272000
2007/7/23,277.2225342,277.6646754,277.2225342,277.2225342,2246000
2007/7/24,280.3175659,280.7597072,278.1068596,278.1068596,2976000
2007/7/25,277.2225342,278.1068166,277.2225342,277.2225342,3918000
2007/7/26,276.3382568,278.1068217,276.3382568,278.1068217,2002000
2007/7/27,275.4537964,276.3380782,274.5695145,275.8959373,3702000
2007/7/30,274.1274719,275.0117541,273.6853308,274.569613,4132000
2007/7/31,273.2432861,274.1275686,273.2432861,273.6854274,3040000
2007/8/1,272.8010864,273.6853687,272.8010864,273.2432276,1982000
2007/8/2,275.0118713,277.2225777,274.1275888,274.1275888,4988000
2007/8/3,290.928833,295.3502438,281.6438703,282.9702935,13102000
2007/8/6,293.5816956,294.9081189,287.8338612,289.6024256,5736000
2007/8/7,294.0238647,295.7924293,294.0238647,294.908147,5144000
2007/8/8,301.0981445,301.5402857,294.0238856,294.4660268,8104000
2007/8/9,307.288147,313.478124,304.6352997,313.478124,18748000
2007/8/10,306.4038696,307.2881521,304.1931635,307.2881521,10058000
2007/8/13,293.1395569,297.560968,292.6974158,297.560968,10484000
2007/8/14,295.7923279,296.2344689,290.4866359,293.5816229,4786000
2007/8/15,298.0031433,298.8874256,297.5610021,298.0031433,4996000
2007/8/16,292.6973572,297.1187674,291.3709341,296.6766264,6310000
2007/8/17,291.3710327,294.0238798,286.0653386,289.602468,8732000
2007/8/20,295.7923279,298.0030329,292.6973409,295.3501869,3918000
2007/8/21,297.118927,298.887492,295.7925032,296.2346445,4734000
2007/8/22,291.3710327,292.2553151,290.0446092,292.2553151,4880000
2007/8/23,291.3710327,293.1395974,290.4867504,292.6974562,4156000
2007/8/24,292.2553406,293.139623,290.9289169,291.8131994,3202000
2007/8/27,293.1395569,294.9081213,292.6974158,294.0238391,1840000
2007/8/28,291.8130798,294.023785,290.9287978,293.1395029,1724000
2007/8/29,288.2760315,288.7181726,287.3917492,287.3917492,3058000
2007/8/30,285.6231995,289.1603289,285.6231995,289.1603289,3088000
2007/8/31,289.1603088,289.1603088,286.9496031,286.9496031,2632000
2007/9/3,292.2553406,293.139623,290.0446345,290.9289169,2220000
2007/9/4,294.0238647,294.908147,292.2553001,293.1395824,1960000
2007/9/5,289.602356,292.697343,288.718074,292.255202,3330000
2007/9/6,290.0446777,290.9289603,286.5075475,289.6025365,3630000
2007/9/7,289.1603088,290.4867323,287.8338854,288.2760265,2638000
2007/9/10,294.4659729,295.3502551,289.1602797,289.6024208,4682000
2007/9/11,298.8874207,300.2138441,294.4660091,295.3502914,5932000
2007/9/12,298.0031433,301.9824138,297.118861,298.0031433,3752000
2007/9/13,297.118927,298.0032095,293.5817969,293.5817969,2654000
2007/9/14,297.5609741,299.3295386,294.4659863,296.2345508,6082000
2007/9/18,292.6973572,297.5609084,292.6973572,297.5609084,5044000
2007/9/19,296.2344971,296.2344971,294.9080739,296.2344971,3192000
2007/9/20,296.6766968,297.1188379,295.7924145,296.6766968,3444000
2007/9/21,290.0446777,296.6767969,290.0446777,295.7925143,10182000
2007/9/25,292.7095947,292.7095947,289.1562157,289.6003881,6112000
2007/9/26,292.2654724,292.7096449,290.9329551,291.8213,2058000
2007/9/27,294.930481,295.8188258,290.9329293,292.2654465,3624000
2007/9/28,295.8188477,296.2630201,293.153813,295.3746752,2956000
2007/10/1,295.8188477,295.8188477,291.8212957,292.2654681,3082000
2007/10/2,296.2628784,296.7070506,294.4861895,295.8187062,1850000
2007/10/3,294.930481,295.8188258,292.7096189,294.930481,2774000
2007/10/4,293.1537781,295.37464,292.7096057,293.5979505,1904000
2007/10/5,292.7095947,294.0421118,292.2654224,294.0421118,1618000
2007/10/9,290.488739,291.3770838,289.6003942,290.9329114,2530000
2007/10/10,288.7120667,290.9329287,286.4912046,290.9329287,2686000
2007/10/11,292.7095947,292.7095947,287.8236986,288.267871,2446000
2007/10/12,290.0446472,292.2655098,289.1563022,292.2655098,1472000
2007/10/15,289.6004028,290.0445752,287.8237132,289.1562304,1984000
2007/10/16,285.6028442,290.2809413,285.6028442,290.2809413,1984000
2007/10/17,285.6028442,286.3025567,285.6028442,286.3025567,1984000
2007/10/18,286.0470581,286.0470581,283.8261959,286.0470581,1516000
2007/10/19,282.049469,284.2259246,282.049469,284.2259246,1516000
2007/10/22,279.8286743,281.1611918,278.0519843,280.7170193,2230000
2007/10/23,282.9378662,283.5597185,282.9378662,283.5597185,2230000
2007/10/24,294.930481,298.9280327,291.8212741,296.2629982,8964000
2007/10/25,295.3746643,296.7071816,295.3746643,296.7071816,8964000
2007/10/26,298.9281006,298.9281006,296.707238,296.707238,8964000
2007/10/29,301.1488953,303.3697573,301.1488953,303.3697573,8964000
2007/10/30,302.0373535,302.0373535,302.0373535,302.0373535,8964000
2007/10/31,303.8139038,303.8139038,295.3746287,301.5930419,7418000
2007/11/1,304.2582092,304.2582092,303.8140367,303.8140367,7418000
2007/11/2,303.369812,305.1909084,303.369812,305.1909084,7418000
2007/11/5,301.5930481,303.0144051,301.5930481,303.0144051,7418000
2007/11/6,306.0348511,306.0348511,304.8355799,304.8355799,7418000
2007/11/7,300.7047729,308.1668653,300.7047729,308.1668653,7418000
2007/11/8,301.1488953,301.1488953,300.7047229,300.7047229,7418000
2007/11/9,299.3722229,301.1489127,299.3722229,301.1489127,7418000
2007/11/12,295.8188477,300.9268308,295.8188477,300.9268308,7418000
2007/11/13,300.260498,300.260498,295.8187747,295.8187747,7418000
2007/11/14,302.9255676,302.9255676,302.2483023,302.2483023,7418000
2007/11/15,302.9255676,304.2580848,302.0372229,303.8139124,2642000
2007/11/16,303.8139038,303.8139038,303.1476452,303.1476452,2642000
2007/11/19,305.1464233,305.1464233,304.6134111,304.6134111,2642000
2007/11/20,306.0348511,306.0348511,302.2593848,302.2593848,2642000
2007/11/21,304.7023315,306.3013417,304.7023315,306.3013417,2642000
2007/11/22,302.0373535,304.702389,302.0373535,304.702389,2642000
2007/11/26,300.7047729,302.4814629,297.1513931,298.4839105,5824000
2007/11/27,298.9281006,301.5042957,298.9281006,301.5042957,2642000
2007/11/28,300.260498,300.7046704,298.0396364,300.260498,2520000
2007/11/29,303.369812,303.369812,303.369812,303.369812,2520000
2007/11/30,299.3722229,304.3025261,299.3722229,304.3025261,2520000
2007/12/3,300.260498,300.7043722,300.260498,300.7043722,2520000
2007/12/4,302.0373535,302.0373535,299.461158,299.461158,2520000
2007/12/5,303.369812,303.369812,302.0372945,302.0372945,2520000
2007/12/6,301.1488953,303.3697573,300.7047229,302.9255849,3112000
2007/12/7,304.2582092,305.1465544,303.8140367,305.1465544,4522000
2007/12/10,298.9281006,300.7047906,298.9281006,300.7047906,4522000
2007/12/11,299.8164063,300.2605787,298.9280613,300.2605787,2572000
2007/12/12,298.9281006,299.8164456,297.1514105,297.595583,2424000
2007/12/13,297.1513062,297.1513062,297.1513062,297.1513062,2424000
2007/12/14,304.2582092,304.2582092,297.5067808,297.5067808,2424000
2007/12/17,302.4814148,302.9255872,302.4814148,302.9255872,2424000
2007/12/18,303.369812,304.258157,299.8164321,299.8164321,3350000
2007/12/19,299.8164063,302.881207,299.8164063,302.881207,2424000
2007/12/20,300.7047729,301.1489454,300.7047729,301.1489454,2424000
2007/12/21,301.5930481,301.5930481,299.8163586,300.7047033,3776000
2007/12/25,301.5930481,302.5257993,301.5930481,302.5257993,3776000
2007/12/26,304.2582092,304.2582092,302.481519,302.9256915,3776000
2007/12/27,301.1488953,304.7022746,301.1488953,304.7022746,3776000
2007/12/28,299.3722229,301.1489127,298.9280505,300.7047402,1368000
2008/1/4,294.4863281,298.0397076,293.1538108,298.0397076,3086000
2008/1/7,292.2654724,293.5292656,292.2654724,293.5292656,3776000
2008/1/8,293.5979919,293.5979919,292.2654746,292.2654746,3776000
2008/1/9,296.2628784,296.2628784,293.597845,293.597845,3776000
2008/1/10,294.0421448,294.0421448,294.0421448,294.0421448,3776000
2008/1/11,291.3771362,294.1754173,291.3771362,294.1754173,3776000
2008/1/15,288.7120667,291.5547809,288.7120667,291.5547809,3776000
2008/1/16,285.1587219,289.1562741,284.270377,288.7121016,6160000
2008/1/17,284.2702942,284.2702942,284.0038016,284.0038016,6160000
2008/1/18,284.2702942,284.2702942,283.8261219,284.2702942,6160000
2008/1/21,281.6053162,283.8261783,281.6053162,282.493661,6160000
2008/1/22,273.1660767,278.051974,273.1660767,277.6078015,6160000
2008/1/23,271.3892822,274.0543161,269.612593,274.0543161,9020000
2008/1/24,275.8311157,276.7194607,273.1660808,273.1660808,4684000
2008/1/25,280.2728271,280.2728271,279.3844822,280.2728271,4684000
2008/1/28,279.8286743,279.8286743,277.430132,277.430132,4684000
2008/1/29,275.8311157,276.7194607,274.4985983,274.9427707,6342000
2008/1/30,274.0543213,276.2751829,274.0543213,275.8310106,4346000
2008/1/31,278.9402466,278.9402466,278.1407417,278.1407417,4346000
2008/2/1,278.4960938,279.8286109,277.1635766,277.607749,3296000
2008/2/4,282.9378662,282.9378662,281.6053488,282.4936937,3282000
2008/2/5,282.4935913,282.9377636,282.049419,282.049419,3256000
2008/2/6,277.6078186,278.2740774,277.6078186,278.2740774,3256000
2008/2/7,277.1636047,277.6077772,275.8310874,275.8310874,3256000
2008/2/8,280.2728271,280.2728271,279.3844822,279.3844822,4280000
2008/2/12,278.052002,279.1624333,278.052002,279.1624333,4280000
2008/2/13,276.7193909,278.051908,276.7193909,278.051908,4280000
2008/2/14,278.052002,278.4961745,277.6078294,278.052002,4280000
2008/2/15,279.8286743,279.8286743,278.0519843,278.4961568,4280000
2008/2/18,275.8311157,280.9390993,275.8311157,280.9390993,4280000
2008/2/19,276.7193909,276.7193909,276.2752185,276.2752185,4280000
2008/2/20,273.6102295,275.5201656,273.6102295,275.5201656,4280000
2008/2/21,273.6102295,273.6102295,272.5886383,272.5886383,4280000
2008/2/22,271.8335571,271.8335571,271.3893846,271.8335571,4280000
2008/2/25,273.1660767,273.1660767,272.2777317,273.1660767,4280000
2008/2/26,271.8335571,272.0556434,271.8335571,272.0556434,4280000
2008/2/27,271.8335571,272.2777296,270.9452122,271.8335571,5202000
2008/2/28,271.3892822,271.3892822,270.5009376,270.5009376,5202000
2008/2/29,270.0568848,270.9452298,269.6127123,270.5010573,4942000
2008/3/3,266.9475403,270.0567462,266.9475403,270.0567462,4942000
2008/3/4,267.3917847,267.3917847,266.9476123,266.9476123,4942000
2008/3/5,270.9450989,270.9450989,269.612582,269.612582,4942000
2008/3/6,269.168457,270.0568018,269.168457,270.0568018,4942000
2008/3/7,266.0592651,268.7242995,266.0592651,267.8359547,4942000
2008/3/10,267.835968,268.2801404,266.9476232,267.3917956,4660000
2008/3/11,267.3917847,267.3917847,265.1709227,266.5034399,5678000
2008/3/12,269.168457,269.6126294,267.8359399,269.168457,3404000
2008/3/13,266.0592651,266.9476099,266.0592651,266.5034375,3404000
2008/3/14,262.5059509,266.5035035,262.0617784,266.059331,8604000
2008/3/17,256.7316589,257.1758314,256.7316589,257.1758314,8604000
2008/3/18,257.6200256,257.6200256,255.9321757,255.9321757,8604000
2008/3/19,262.061676,262.5058484,259.8408144,260.729159,5120000
2008/3/21,267.3917847,267.3917847,265.1709227,266.5034399,3872000
2008/3/24,269.6127014,269.6127014,268.3690239,268.3690239,3872000
2008/3/25,267.3917847,267.8359571,267.3917847,267.3917847,3872000
2008/3/26,266.0526428,266.0526428,264.7134517,265.1598487,6544000
2008/3/27,264.7134399,265.606234,263.8206459,265.159837,3012000
2008/3/28,262.9277954,262.9277954,261.5886046,261.5886046,3012000
2008/3/31,261.1422119,261.1422119,259.8030211,259.8030211,3012000
2008/4/1,263.8205566,263.8205566,260.5172088,260.5172088,3012000
2008/4/2,266.4990234,266.4990234,263.8206413,263.8206413,3012000
2008/4/3,269.1773987,269.1773987,267.0793273,267.0793273,3012000
2008/4/4,271.4094238,271.7079846,271.4094238,271.7079846,3012000
2008/4/7,274.0877075,274.310906,274.0877075,274.310906,3012000
2008/4/8,266.9454956,271.1388606,266.9454956,271.1388606,3012000
2008/4/9,266.9454956,267.0347805,266.9454956,267.0347805,3012000
2008/4/10,266.0526428,266.7222384,266.0526428,266.7222384,3012000
2008/4/11,271.4094238,271.4094238,266.1865726,266.1865726,3012000
2008/4/14,270.0701599,270.5165569,268.2845721,270.5165569,2802000
2008/4/15,272.7485962,273.4628206,272.7485962,273.4628206,2802000
2008/4/16,272.7485962,272.8378811,272.7485962,272.8378811,2802000
2008/4/17,273.6413269,274.0877238,273.6413269,274.0877238,2802000
2008/4/18,273.1948853,273.1948853,271.4092978,271.4092978,2802000
2008/4/21,273.6413269,273.8198966,273.6413269,273.8198966,2802000
2008/4/22,273.6413269,274.0877238,273.6413269,274.0877238,2802000
2008/4/23,273.1948853,274.087679,272.7484884,274.087679,2802000
2008/4/24,272.3021851,273.1949791,272.3021851,272.3021851,2802000
2008/4/25,273.1948853,274.087679,273.1948853,274.087679,2802000
2008/4/28,274.5340881,274.7126578,274.5340881,274.7126578,2802000
2008/4/30,276.7661133,276.7661133,274.5341285,274.5341285,2802000
2008/5/1,274.0877075,275.0697862,274.0877075,275.0697862,2802000
2008/5/2,276.7661133,276.7661133,273.4627649,273.4627649,2802000
2008/5/7,278.5516663,278.749853,278.5516663,278.749853,20000
2008/5/8,276.3197632,280.3373365,276.3197632,280.3373365,20000
2008/5/9,274.0877075,275.7393816,274.0877075,275.7393816,20000
2008/5/12,272.7485962,272.7485962,270.963008,270.963008,20000
2008/5/13,270.9629211,270.9629211,269.1773335,269.1773335,20000
2008/5/14,273.1948853,273.1948853,270.0701072,270.0701072,3376000
2008/5/15,276.7661133,278.4401019,276.7661133,278.4401019,3376000
2008/5/16,274.5340881,276.0071924,274.5340881,276.0071924,3376000
2008/5/19,273.6413269,273.9538102,273.6413269,273.9538102,3376000
2008/5/20,279.8909607,279.8909607,277.6589754,277.6589754,3376000
2008/5/21,279.4445801,279.4445801,279.4445801,279.4445801,3376000
2008/5/22,285.6940613,285.6940613,281.5949415,281.5949415,3376000
2008/5/23,280.3373108,284.9798504,280.3373108,284.9798504,3376000
2008/5/26,274.0877075,280.6050916,274.0877075,280.6050916,3376000
2008/5/27,276.3197632,276.3197632,276.3197632,276.3197632,3376000
2008/5/28,277.2125244,277.2125244,277.2125244,277.2125244,3376000
2008/5/29,277.6589966,278.5517908,277.2125995,278.5517908,1834000
2008/5/30,283.0157166,283.0157166,277.5250385,277.5250385,1834000
2008/6/2,284.3549194,284.3549194,283.4621253,283.4621253,1834000
2008/6/3,279.4445801,279.4445801,279.3999513,279.3999513,1834000
2008/6/4,283.4621277,283.4621277,279.4445542,279.4445542,1834000
2008/6/5,285.6940613,285.9610167,284.8012673,285.2476643,1834000
2008/6/6,285.6940613,288.1046158,285.6940613,288.1046158,1834000
2008/6/9,283.0157166,283.0157166,282.5693195,282.5693195,1834000
2008/6/10,286.5868225,286.5868225,283.0156472,283.0156472,1834000
2008/6/11,282.5693054,286.5868785,282.5693054,286.5868785,1834000
2008/6/12,282.1230164,282.1230164,281.230222,281.230222,1834000
2008/6/13,280.7836304,280.7836304,279.4444398,279.4444398,1834000
2008/6/16,283.4621277,283.4621277,281.4087121,281.4087121,1834000
2008/6/17,286.5868225,286.5868225,283.3281304,283.3281304,1834000
2008/6/18,285.2477417,285.2923705,285.2477417,285.2923705,1834000
2008/6/19,281.6764526,282.1228496,281.6764526,282.1228496,1834000
2008/6/20,280.3373108,281.8550715,280.3373108,281.8550715,1834000
2008/6/23,279.8909607,281.6319202,279.8909607,281.6319202,1834000
2008/6/24,283.0157166,283.0157166,281.899724,281.899724,1834000
2008/6/25,284.3549194,284.3549194,281.9890205,281.9890205,1834000
2008/6/26,284.8012695,285.5601498,284.8012695,285.5601498,1834000
2008/6/27,283.0157166,284.8013047,283.0157166,284.8013047,1834000
2008/6/30,283.0157166,283.1942863,283.0157166,283.1942863,1834000
2008/7/1,293.2828369,293.2828369,283.0603344,283.0603344,1834000
2008/7/2,287.9261169,293.2828819,287.9261169,293.2828819,1834000
2008/7/3,282.5693054,288.0153544,282.5693054,288.0153544,1834000
2008/7/4,287.0332336,287.0332336,282.8370915,282.8370915,1834000
2008/7/7,288.8188782,288.908163,288.8188782,288.908163,1834000
2008/7/8,288.8188782,288.8188782,288.7295933,288.7295933,1834000
2008/7/9,289.2652588,289.7116558,289.2652588,289.7116558,1834000
2008/7/10,286.1404724,286.1404724,285.8279891,285.8279891,1834000
2008/7/11,287.0332336,287.9260275,287.0332336,287.9260275,1834000
2008/7/14,290.6044006,290.6044006,290.470487,290.470487,1834000
2008/7/15,285.6940613,285.6940613,285.6940613,285.6940613,1834000
2008/7/16,283.9084473,286.3190016,283.9084473,286.3190016,1834000
2008/7/17,290.1581421,290.1581421,288.685037,288.685037,1834000
2008/7/18,285.2477417,290.1581097,285.2477417,290.1581097,1834000
2008/7/22,285.2477417,287.4797272,283.4621533,284.8013446,5758000
2008/7/23,286.5868225,286.5868225,286.5868225,286.5868225,5758000
2008/7/24,287.9261169,287.9261169,287.4797199,287.4797199,5758000
2008/7/25,287.0332336,288.1045972,287.0332336,288.1045972,5758000
2008/7/28,287.9261169,287.9261169,287.4797199,287.4797199,5758000
2008/7/29,286.5868225,286.5868225,285.6047438,285.6047438,5758000
2008/7/30,290.1581421,290.7384529,290.1581421,290.7384529,5758000
2008/7/31,302.2107239,302.2107239,289.461683,289.461683,5758000
2008/8/1,303.1035461,303.1035461,302.5232355,302.5232355,5758000
2008/8/4,309.3530884,309.6209157,309.3530884,309.6209157,5758000
2008/8/5,310.2457581,310.2457581,309.6346053,309.6346053,5758000
2008/8/6,312.4778442,312.4778442,310.06729,310.06729,5758000
2008/8/7,313.370697,313.7154123,313.370697,313.7154123,5758000
2008/8/8,312.9242249,314.8437261,312.9242249,314.8437261,5758000
2008/8/11,312.9242249,312.9242249,312.5671128,312.5671128,5758000
2008/8/12,310.6922607,310.9154592,310.6922607,310.9154592,5758000
2008/8/13,306.6747742,310.4691491,306.6747742,310.4691491,5758000
2008/8/14,310.2457581,310.2457581,306.0942735,306.0942735,5758000
2008/8/15,309.7994385,309.7994385,308.8620159,308.8620159,5758000
2008/8/18,313.370697,313.370697,309.799521,309.799521,5758000
2008/8/19,313.370697,313.370697,311.8529363,311.8529363,5758000
2008/8/20,313.370697,313.370697,313.2367834,313.2367834,5758000
2008/8/21,312.0314636,313.4599393,312.0314636,313.4599393,5758000
2008/8/22,312.4778442,312.4778442,312.1653609,312.1653609,5758000
2008/8/25,316.0491028,316.0491028,312.6564962,312.6564962,5758000
2008/8/26,316.0491028,316.0491028,314.531342,314.531342,5758000
2008/8/27,315.6026611,315.6026611,314.0849005,314.0849005,5758000
2008/8/28,316.941864,316.941864,315.156276,315.156276,5758000
2008/8/29,320.0666199,320.0666199,316.6882907,316.6882907,5758000
2008/9/1,320.0666199,320.0666199,320.0666199,320.0666199,5758000
2008/9/2,320.9595032,320.9595032,319.3025156,319.3025156,5758000
2008/9/3,330.7801514,330.7801514,323.3968371,323.3968371,5758000
2008/9/4,322.7449341,330.6461641,322.7449341,330.6461641,5758000
2008/9/5,318.7274475,320.2005521,318.7274475,320.2005521,5758000
2008/9/8,321.8522644,323.1914555,321.8522644,323.1914555,5758000
2008/9/9,318.7274475,321.8968552,318.7274475,321.8968552,5758000
2008/9/10,319.6202393,320.0666362,316.9418574,319.1738423,5794000
2008/9/11,308.0140076,311.5851845,308.0140076,311.1387874,5794000
2008/9/12,308.0140076,308.5943184,308.0140076,308.5943184,5794000
2008/9/16,308.4602966,308.4602966,308.1031845,308.1031845,6000
2008/9/17,312.0314636,312.9242575,312.0314636,312.9242575,6000
2008/9/18,310.2457581,312.0313452,310.2457581,312.0313452,6000
2008/9/19,307.1211548,310.9601583,307.1211548,310.9601583,6000
2008/9/22,303.5500488,304.9785251,303.5500488,304.9785251,6000
2008/9/24,308.4602966,308.4602966,303.5499301,303.5499301,6000
2008/9/25,310.2536316,310.2536316,304.8735108,304.8735108,6000
2008/9/26,312.4954224,312.4954224,309.3570178,309.3570178,6000
2008/9/29,323.7039795,323.7039795,312.6298905,312.6298905,6000
2008/9/30,320.5655518,323.8833041,320.5655518,323.8833041,6000
2008/10/1,327.290741,327.290741,320.5655888,320.5655888,6000
2008/10/2,328.6358032,328.6358032,327.649442,327.649442,6000
2008/10/3,325.9457703,325.9457703,323.3005323,323.3005323,6000
2008/10/6,319.2206116,324.3317391,319.2206116,324.3317391,6000
2008/10/7,318.3239441,318.3239441,310.7051133,310.7051133,6000
2008/10/8,303.0802307,318.4584085,303.0802307,318.4584085,6000
2008/10/9,289.6299133,295.0100356,289.6299133,295.0100356,6000
2008/10/10,272.1444397,289.6746554,272.1444397,289.6746554,6000
2008/10/14,304.4253235,304.4253235,301.8249359,301.8249359,574000
2008/10/15,312.0469971,312.0469971,298.0138545,298.0138545,574000
2008/10/16,297.7000427,299.627914,297.7000427,299.627914,574000
2008/10/17,311.1503601,311.1503601,310.1191756,310.1191756,574000
2008/10/20,316.9788513,316.9788513,312.2712446,312.2712446,574000
2008/10/21,317.8755493,320.0275927,317.8755493,320.0275927,574000
2008/10/22,297.7000427,317.8754974,297.7000427,317.8754974,574000
2008/10/23,303.9769287,303.9769287,291.647481,291.647481,574000
2008/10/24,295.458374,302.7215444,295.458374,302.7215444,574000
2008/10/27,282.0079956,295.4582975,282.0079956,295.4582975,574000
2008/10/28,294.1133118,294.1133118,286.1512474,286.1512474,574000
2008/10/29,306.6669617,306.6669617,294.3375151,294.3375151,574000
2008/10/30,313.3921509,313.3921509,306.7566716,306.7566716,574000
2008/10/31,311.5987549,314.0198209,311.5987549,314.0198209,574000
2008/11/4,316.9788513,316.9788513,311.9125753,311.9125753,5760000
2008/11/5,323.7039795,323.7039795,316.7994792,316.7994792,5760000
2008/11/6,326.3940735,326.3940735,324.0178584,324.0178584,5760000
2008/11/7,320.5655518,322.8072689,320.5655518,322.8072689,5760000
2008/11/10,322.807251,325.7214831,322.807251,325.7214831,5760000
2008/11/11,318.3239441,323.1212259,318.3239441,323.1212259,5760000
2008/11/12,323.2555847,323.6591047,323.2555847,323.6591047,5760000
2008/11/13,324.6006775,324.9593468,324.6006775,324.9593468,5760000
2008/11/14,328.1874695,328.1874695,324.8697164,324.8697164,5760000
2008/11/17,328.6358032,328.6358032,328.1874597,328.1874597,5760000
2008/11/18,327.7390747,329.0392817,327.7390747,329.0392817,5760000
2008/11/19,326.8423767,326.8423767,324.0178184,324.0178184,5760000
2008/11/20,327.290741,327.290741,326.8423975,326.8423975,5760000
2008/11/21,329.9807434,329.9807434,327.5596781,327.5596781,5760000
2008/11/25,329.0841064,330.5636344,329.0841064,330.5636344,446000
2008/11/26,328.1874695,329.3531517,328.1874695,329.3531517,446000
2008/11/27,327.7390747,327.9632464,327.7390747,327.9632464,446000
2008/11/28,321.4622803,327.7390891,321.4622803,327.7390891,446000
2008/12/1,318.3239441,322.7625565,318.3239441,322.7625565,446000
2008/12/2,316.5304565,318.4135044,316.5304565,318.4135044,446000
2008/12/3,326.3940735,326.3940735,319.3102515,319.3102515,446000
2008/12/4,326.3940735,326.3940735,326.3940735,326.3940735,446000
2008/12/5,326.8423767,326.8423767,326.6630284,326.6630284,446000
2008/12/8,329.0841064,329.0841064,327.3804067,327.3804067,446000
2008/12/9,330.8775024,330.8775024,330.2498106,330.2498106,446000
2008/12/10,330.4291992,331.146538,330.4291992,331.146538,446000
2008/12/11,326.3940735,326.7079194,326.3940735,326.7079194,446000
2008/12/12,327.290741,327.290741,326.6630491,326.6630491,446000
2008/12/15,333.1191711,333.1191711,321.9105853,321.9105853,446000
2008/12/16,325.9457703,328.8600034,325.9457703,328.8600034,4784000
2008/12/17,331.7741089,331.7741089,326.2594907,326.2594907,4526000
2008/12/18,333.1191711,335.3160649,333.1191711,335.3160649,6628000
2008/12/19,330.4291992,333.3882557,330.4291992,333.3882557,3308000
2008/12/22,329.9807434,330.4290868,329.9807434,330.4290868,2100000
2008/12/24,332.6708984,332.6708984,330.9671985,330.9671985,2774000
2008/12/25,334.0158997,334.2163188,334.0158997,334.2163188,4680000
2008/12/26,333.1191711,333.5675146,331.7741408,333.5675146,1314000
2008/12/29,334.9125977,334.9125977,330.8775061,331.3258496,1998000
2008/12/30,331.7741089,335.360856,329.5323919,335.360856,3254000
2009/1/5,326.8423767,334.0158719,325.0490029,333.5675285,2412000
2009/1/6,325.4974365,326.8424673,325.4974365,326.8424673,4260000
2009/1/7,317.8755493,325.497389,317.8755493,325.497389,5826000
2009/1/8,316.9788513,317.8755383,316.9788513,317.8755383,4500000
2009/1/9,315.1854553,317.2926751,315.1854553,317.2926751,2680000
2009/1/13,309.8052673,316.5304179,309.8052673,316.5304179,7048000
2009/1/14,309.8052673,309.8052673,309.4914215,309.4914215,2800000
2009/1/15,310.7019958,310.7019958,309.805309,309.805309,6910000
2009/1/16,314.7371826,314.7371826,310.7020905,310.7020905,2414000
2009/1/19,315.6338196,315.6338196,314.2887891,314.2887891,3074000
2009/1/20,316.5304565,316.5304565,313.9300702,313.9300702,2510000
2009/1/21,307.5636292,316.5304988,307.5636292,316.5304988,11556000
2009/1/22,305.7702942,307.6981659,305.7702942,307.6981659,5148000
2009/1/23,307.1152954,307.1152954,305.7702649,305.7702649,3246000
2009/1/26,309.8052673,309.8052673,307.2945554,307.2945554,3852000
2009/1/27,315.1854553,315.1854553,306.8014271,306.8014271,4882000
2009/1/28,307.1152954,315.3648267,307.1152954,315.3648267,5144000
2009/1/29,308.9085999,308.9085999,307.2497238,307.2497238,7348000
2009/1/30,307.5636292,309.0880079,307.5636292,309.0880079,6222000
2009/2/2,303.0802307,307.5636661,303.0802307,307.5636661,5258000
2009/2/3,299.9417419,303.0801458,299.9417419,303.0801458,8012000
2009/2/4,302.6318054,302.6318054,302.183462,302.183462,6372000
2009/2/5,305.7702942,305.7702942,303.080233,303.080233,6826000
2009/2/6,299.4934082,305.7702162,299.4934082,305.7702162,14336000
2009/2/9,292.3199463,299.6727902,292.3199463,299.6727902,10100000
2009/2/10,287.8365173,294.1133261,283.3530825,284.6981129,11224000
2009/2/12,282.9047852,286.9398772,282.9047852,286.9398772,12114000
2009/2/13,295.0099487,295.0099487,282.9046773,282.9046773,8914000
2009/2/16,295.458374,295.458374,294.561687,294.561687,6322000
2009/2/17,293.6650391,295.7274085,293.6650391,295.7274085,5950000
2009/2/18,286.9397583,289.4504702,286.9397583,289.4504702,7666000
2009/2/19,290.9749146,293.2166319,290.9749146,293.2166319,5240000
2009/2/20,289.1815491,289.1815491,288.2848621,288.2848621,4928000
2009/2/23,290.9749146,290.9749146,289.8988793,289.8988793,4394000
2009/2/24,288.7331848,291.0197255,288.7331848,291.0197255,8774000
2009/2/25,288.7331848,288.7331848,288.7331848,288.7331848,5452000
2009/2/26,286.4914551,288.9125206,286.4914551,288.9125206,5344000
2009/2/27,288.2848511,288.2848511,286.4914772,286.4914772,6918000
2009/3/2,282.4563599,288.2848244,282.4563599,288.2848244,8928000
2009/3/3,276.1795959,276.1795959,275.2829089,275.2829089,11774000
2009/3/4,283.3531494,283.3531494,282.0081186,282.0081186,7508000
2009/3/5,281.5597534,283.8462946,281.5597534,283.8462946,6634000
2009/3/6,279.3180542,279.3180542,278.421367,278.421367,4598000
2009/3/9,279.3180542,279.3180542,279.3180542,279.3180542,5094000
2009/3/10,278.8696289,278.9144523,278.8696289,278.9144523,5580000
2009/3/11,277.0763245,278.8696987,277.0763245,278.8696987,5658000
2009/3/12,274.3862,277.0762607,274.3862,277.0762607,7110000
2009/3/13,273.9378052,274.3861486,273.9378052,274.3861486,8908000
2009/3/16,274.3862,274.3862,274.3862,274.3862,6660000
2009/3/17,276.1795959,276.1795959,274.8793889,274.8793889,7416000
2009/3/18,274.8345642,276.6727616,274.8345642,276.6727616,6438000
2009/3/19,275.7312622,275.7312622,274.8345752,274.8345752,8174000
2009/3/23,279.7663269,279.7663269,276.2692533,276.2692533,7100000
2009/3/24,283.3531494,283.3531494,283.308326,283.308326,10890000
2009/3/25,285.5948181,285.5948181,285.1464746,285.1464746,14720000
2009/3/26,287.850708,287.850708,286.5874189,286.5874189,6966000
2009/3/27,292.3623657,292.3623657,288.4822589,288.4822589,15026000
2009/3/30,288.7529297,293.4451758,288.7529297,293.4451758,7418000
2009/3/31,283.3388977,288.7530168,283.3388977,288.7530168,6120000
2009/4/1,282.8878174,283.7450642,282.8878174,283.7450642,6392000
2009/4/2,283.7900391,283.7900391,283.1132743,283.1132743,7002000
2009/4/3,279.2782898,283.2035314,279.2782898,283.2035314,6764000
2009/4/6,277.9248047,279.5490295,277.9248047,279.5490295,5554000
2009/4/7,280.1806641,280.1806641,277.7894336,277.7894336,4600000
2009/4/8,278.8272095,278.8272095,278.3760328,278.3760328,7656000
2009/4/9,280.6319275,281.0831042,280.6319275,281.0831042,4294000
2009/4/10,279.2782898,280.6318195,279.2782898,280.6318195,5646000
2009/4/13,279.2782898,279.6392255,279.2782898,279.6392255,4206000
2009/4/14,278.8272095,278.8272095,278.3309261,278.3309261,5278000
2009/4/15,278.8272095,278.8272095,278.6016211,278.6016211,5456000
2009/4/16,279.7294922,279.7294922,278.9173798,278.9173798,5594000
2009/4/17,279.2782898,280.0452955,279.2782898,280.0452955,7852000
2009/4/20,284.2412109,284.2412109,283.6095528,283.6095528,8190000
2009/4/21,284.2412109,284.2412109,281.0829753,281.0829753,4782000
2009/4/22,281.9852905,282.5357401,281.9852905,282.5357401,4418000
2009/4/23,285.1436157,285.1436157,283.113321,283.113321,6236000
2009/4/24,281.9852905,284.3451274,281.9852905,284.3451274,3480000
2009/4/27,281.5342102,282.2109751,281.5342102,282.2109751,5448000
2009/4/28,285.5947876,289.5200295,285.5947876,289.5200295,8418000
2009/4/30,280.1806641,282.0756113,280.1806641,282.0756113,9312000
2009/5/1,277.9248047,280.9025594,277.9248047,280.9025594,7114000
2009/5/7,280.1806641,280.1806641,278.80023,278.80023,5826000
2009/5/8,281.5342102,281.5342102,280.1806803,280.1806803,6146000
2009/5/11,281.0830688,281.669593,281.0830688,281.669593,5400000
2009/5/12,280.1806641,281.9684348,280.1806641,281.9684348,3844000
2009/5/13,284.2412109,284.2412109,279.8647931,279.8647931,3294000
2009/5/14,282.8878174,282.8878174,282.8878174,282.8878174,3944000
2009/5/15,281.0830688,282.6170806,281.0830688,282.6170806,3148000
2009/5/18,275.6689148,275.6689148,275.3530857,275.3530857,8720000
2009/5/19,277.0223389,277.0223389,276.119986,276.119986,6126000
2009/5/20,278.3760376,278.3760376,277.2029891,277.2029891,2764000
2009/5/21,277.4735718,277.4735718,277.2479835,277.2479835,3764000
2009/5/22,277.4735718,277.9247483,277.4735718,277.9247483,3158000
2009/5/25,281.5342102,281.5342102,276.7968557,276.7968557,3850000
2009/5/26,283.3388977,283.3388977,281.5341914,281.5341914,4956000
2009/5/27,280.6319275,280.6319275,280.2709916,280.2709916,3534000
2009/5/28,281.0830688,281.0830688,280.8123739,280.8123739,3496000
2009/5/29,283.7900391,283.7900391,281.2183273,281.2183273,4394000
2009/6/1,284.2412109,284.3765584,284.2412109,284.3765584,4122000
2009/6/2,284.2412109,285.0086571,284.2412109,285.0086571,3344000
2009/6/3,284.2412109,285.143564,284.2412109,285.143564,2614000
2009/6/4,283.7900391,283.7900391,282.9779268,282.9779268,3830000
2009/6/5,284.6924438,284.6924438,283.3840207,283.3840207,3716000
2009/6/8,285.1436157,286.4971455,285.1436157,286.4971455,2274000
2009/6/9,284.6924438,284.6924438,283.6998498,283.6998498,1746000
2009/6/10,286.4971619,286.4971619,285.9106378,285.9106378,2112000
2009/6/11,286.4971619,287.8506918,286.4971619,287.8506918,2598000
2009/6/12,291.0089111,291.4600877,290.1065579,290.5577345,7092000
2009/6/15,292.3623657,292.3623657,290.1064833,290.5576598,2940000
2009/6/16,289.6554871,290.5578406,288.7531335,290.1066638,2946000
2009/6/17,289.2041321,290.1064851,288.3017791,288.7529556,2352000
2009/6/18,290.5578308,290.5578308,289.2043005,289.2043005,1660000
2009/6/19,293.264801,293.264801,291.9112712,292.3624478,4354000
2009/6/22,295.9718933,296.42307,294.1671866,294.1671866,5030000
2009/6/23,295.069519,295.069519,293.7159891,294.1671658,3660000
2009/6/24,290.1065979,292.3624812,289.6554212,292.3624812,3954000
2009/6/25,289.2041321,290.1064851,286.4970731,286.4970731,2996000
2009/6/26,289.6554871,290.5578406,289.2043103,290.5578406,1856000
2009/6/29,287.3995667,290.1066269,287.3995667,288.3019201,5002000
2009/6/30,291.460083,292.3624362,287.3994936,288.3018468,4750000
2009/7/1,291.9112549,293.2647847,290.5577251,292.3624315,3402000
2009/7/2,291.0089111,292.8136176,290.5577345,291.0089111,2278000
2009/7/3,287.850708,290.557768,287.3995313,289.6554146,2630000
2009/7/6,289.2041321,289.2041321,287.3994261,287.8506026,2358000
2009/7/7,294.1672058,295.5207359,289.2042622,289.2042622,5108000
2009/7/8,292.3623657,293.2647187,290.1064833,293.2647187,3146000
2009/7/9,288.3018494,291.4600856,288.3018494,290.5577324,2380000
2009/7/10,291.0089111,291.9112643,288.3018515,290.5577345,2240000
2009/7/13,288.7529297,292.3623413,288.7529297,290.5576355,1712000
2009/7/14,288.3018494,291.008909,287.3994962,291.008909,3194000
2009/7/15,287.3995667,289.6554502,286.9483899,288.3019201,2400000
2009/7/16,285.5947876,289.655377,285.5947876,288.3018472,2930000
2009/7/17,286.04599,288.7530498,285.5948133,287.3995199,2824000
2009/7/21,287.850708,289.204238,286.497178,287.3995313,3372000
2009/7/22,287.850708,289.6554146,287.3995313,287.850708,2922000
2009/7/23,288.3018494,290.1065558,287.8506728,287.8506728,1664000
2009/7/24,289.6554871,290.5578406,288.7531335,289.6554871,1734000
2009/7/27,287.850708,290.557768,287.850708,290.557768,3178000
2009/7/28,287.3995667,288.3019201,286.4972132,287.8507434,2478000
2009/7/29,286.9482422,287.8505952,286.4970657,287.3994187,1776000
2009/7/30,286.9482422,287.3994187,286.0458892,286.4970657,1978000
2009/7/31,286.04599,287.3995199,285.5948133,287.3995199,2368000
2009/8/3,286.04599,286.9483433,285.5948133,286.4971666,1944000
2009/8/4,286.04599,286.9483433,285.1436367,286.4971666,3008000
2009/8/5,286.04599,286.04599,284.2412834,285.1436367,3808000
2009/8/6,283.7900391,286.0459217,283.3388625,284.6923921,3032000
2009/8/7,286.04599,286.04599,283.3389301,283.7901068,2820000
2009/8/10,286.04599,286.9483433,285.1436367,286.4971666,2218000
2009/8/11,284.6924438,286.0459737,284.2412672,285.1436205,2606000
2009/8/12,285.1436157,285.5947923,283.7900859,283.7900859,2596000
2009/8/13,284.6924438,285.1436205,284.2412672,285.1436205,2466000
2009/8/14,283.7900391,284.6923921,283.7900391,284.2412156,3134000
2009/8/17,283.7900391,284.2412156,283.3388625,283.7900391,2932000
2009/8/18,281.5342102,283.7900933,281.0830336,283.3389167,4058000
2009/8/19,279.2782898,281.9853491,278.3759367,281.9853491,6270000
2009/8/20,280.1806641,280.6318407,278.3759577,279.2783109,3478000
2009/8/21,280.1806641,281.0830172,279.2783109,280.1806641,2576000
2009/8/24,281.5342102,282.8877401,280.1806803,280.631857,2574000
2009/8/25,281.5342102,282.8877401,280.631857,281.0830336,2846000
2009/8/26,281.9852905,282.436467,280.6317611,281.5341141,3168000
2009/8/27,280.6319275,281.9854577,279.729574,281.9854577,3180000
2009/8/28,279.2782898,281.5341726,279.2782898,281.082996,3104000
2009/8/31,283.7900391,283.7900391,279.7294503,280.1806268,5398000
2009/9/2,280.1806641,282.436547,279.7294875,282.436547,3252000
2009/9/3,279.7294922,281.083022,279.7294922,280.1806688,2424000
2009/9/4,278.3760376,280.1807445,278.3760376,280.1807445,3750000
2009/9/7,278.8272095,280.1807396,278.8272095,280.1807396,1238000
2009/9/8,278.8272095,279.7295629,278.8272095,279.2783862,2372000
2009/9/9,279.7294922,280.1806688,279.2783156,279.7294922,1700000
2009/9/10,282.436615,282.436615,279.7295548,280.6319082,2720000
2009/9/11,283.7900391,284.6923921,282.4365095,282.887686,4532000
2009/9/14,286.4971619,286.9483385,285.143632,285.5948086,4244000
2009/9/15,283.7900391,286.4970983,283.7900391,286.0459217,2792000
2009/9/16,281.9852905,285.1435258,281.9852905,284.2411729,2838000
2009/9/17,281.9852905,282.8876435,281.0829376,282.436467,3510000
2009/9/18,283.3388977,283.7900743,281.5341914,282.4365445,3890000
2009/9/21,283.3388977,283.3388977,283.3388977,283.3388977,0
2009/9/24,284.6924438,286.0459737,284.2412672,284.6924438,15912000
2009/9/25,284.6924744,285.6005843,283.3303094,283.7843644,6932000
2009/9/28,285.1464844,285.6005393,283.3302647,283.7843196,2444000
2009/9/29,285.1464844,285.6005393,281.9681,284.2383746,3544000
2009/9/30,286.962677,286.962677,285.1464575,285.1464575,3120000
2009/10/1,286.962677,287.4167319,285.1464575,286.5086221,3534000
2009/10/2,284.2383728,284.6924277,283.7843179,284.6924277,3572000
2009/10/5,284.2383728,284.6924277,283.330263,284.2383728,2298000
2009/10/6,282.4222107,284.2384307,281.5141007,284.2384307,2644000
2009/10/7,281.5140076,282.8761721,281.0599527,282.4221173,2416000
2009/10/8,281.0600586,281.9681686,280.6060036,281.5141136,2238000
2009/10/9,280.6060181,281.0600731,279.697908,281.0600731,3086000
2009/10/13,279.2438049,281.0600248,278.78975,280.6059698,2928000
2009/10/14,278.3357239,279.6978889,277.8816689,279.2438339,2372000
2009/10/15,279.6978455,279.6978455,277.8816257,278.7897356,1964000
2009/10/16,279.6978455,280.1519004,278.3356806,280.1519004,1988000
2009/10/19,278.7896423,279.2436971,277.427478,278.3355875,3628000
2009/10/20,281.0600586,281.0600586,278.7897835,279.2438385,1710000
2009/10/21,281.9680786,281.9680786,280.605914,281.0599689,1610000
2009/10/22,279.2438049,281.0600248,278.78975,281.0600248,1302000
2009/10/23,278.3357239,279.6978889,278.3357239,279.6978889,1970000
2009/10/26,279.6978455,279.6978455,278.3356806,278.7897356,1556000
2009/10/27,277.4276123,279.2438324,277.4276123,278.7897773,2338000
2009/10/28,276.9735107,278.3356755,276.9735107,277.8816206,1794000
2009/10/29,278.3357239,278.3357239,276.9735588,277.4276138,3182000
2009/10/30,278.3357239,279.2438339,276.9735588,278.7897789,2556000
2009/11/2,277.8815002,277.8815002,276.9733908,277.8815002,1492000
2009/11/4,280.151886,280.151886,277.4275565,277.8816114,1528000
2009/11/5,279.2438049,280.1519149,278.78975,280.1519149,1872000
2009/11/6,277.8815002,279.2436645,277.4274455,279.2436645,2550000
2009/11/9,276.9735107,278.7897305,276.5194558,278.7897305,3316000
2009/11/10,276.0654297,277.8816496,276.0654297,277.4275946,2438000
2009/11/11,276.5194397,276.9734946,275.6113299,276.0653848,1876000
2009/11/12,275.1572571,276.9734766,274.7032022,276.5194217,2514000
2009/11/13,274.7032471,276.5194669,274.7032471,275.611357,3650000
2009/11/16,274.7032471,275.611357,274.2491921,274.2491921,2122000
2009/11/17,276.5194397,276.5194397,274.7032201,276.0653848,1868000
2009/11/18,276.0654297,276.5194847,274.7032647,275.6113747,2724000
2009/11/19,276.0654297,276.0654297,274.7032647,276.0654297,2874000
2009/11/20,275.6112976,276.0653525,274.7031879,275.1572428,1994000
2009/11/24,271.5248718,275.1573116,271.5248718,274.7032566,4144000
2009/11/25,271.9788818,274.2491563,270.6167172,272.8869916,3436000
2009/11/26,271.5248718,272.4329818,270.6167619,272.4329818,2240000
2009/11/27,274.2492371,276.5195122,271.9789619,271.9789619,6478000
2009/11/30,279.2438049,279.2438049,275.1573102,275.1573102,2430000
2009/12/1,280.6060181,280.6060181,276.9735777,278.3357428,3026000
2009/12/2,277.8815002,280.6058287,276.9733908,280.6058287,2118000
2009/12/3,280.6060181,281.0600731,278.3357428,279.2438529,2916000
2009/12/4,278.7896423,281.0599163,276.9734232,281.0599163,2820000
2009/12/7,279.2438049,280.6059698,278.335695,280.1519149,2006000
2009/12/8,278.3357239,280.6059989,277.4276138,279.2438339,2202000
2009/12/9,277.8815002,278.335555,276.9733908,277.8815002,1646000
2009/12/10,277.8815002,279.2436645,276.9733908,278.7896097,2220000
2009/12/11,278.3357239,278.7897789,276.0654488,278.7897789,3338000
2009/12/14,275.6112976,278.3356267,274.7031879,278.3356267,3198000
2009/12/15,274.7032471,275.611357,274.2491921,275.611357,1664000
2009/12/16,276.9735107,278.7897305,275.157291,275.157291,3768000
2009/12/17,276.9735107,277.8816206,276.5194558,277.4275657,1068000
2009/12/18,276.0654297,277.4275946,274.7032647,275.6113747,1796000
2009/12/21,277.4276123,278.7897773,276.5195023,276.9735573,1318000
2009/12/22,277.8815002,279.2436645,277.8815002,278.335555,1362000
2009/12/24,277.8815002,278.335555,277.4274455,278.335555,1498000
2009/12/25,277.4276123,277.8816673,276.9735573,277.8816673,1052000
2009/12/28,276.9735107,278.3356755,276.9735107,277.8816206,1282000
2009/12/29,279.2438049,279.2438049,276.9735301,277.88164,782000
2009/12/30,277.8815002,279.6977192,277.8815002,279.6977192,1582000
2010/1/4,279.2438049,279.6978599,278.335695,279.6978599,756000
2010/1/5,278.7896423,281.0599163,278.3355875,280.6058615,1360000
2010/1/6,279.6978455,279.6978455,278.7897356,279.6978455,1596000
2010/1/7,280.151886,280.151886,279.2437761,280.151886,774000
2010/1/8,279.2438049,280.1519149,278.335695,279.2438049,2178000
2010/1/12,280.6060181,281.5141282,279.2438529,279.2438529,2064000
2010/1/13,280.6060181,281.5141282,280.6060181,281.0600731,1418000
2010/1/14,280.6060181,281.9681832,280.151963,281.0600731,2224000
2010/1/15,281.0600586,281.5141136,280.1519485,281.0600586,1856000
2010/1/18,281.0600586,282.4222237,280.6060036,281.5141136,1504000
2010/1/19,281.0600586,281.9681686,280.6060036,281.0600586,1152000
2010/1/20,281.5140076,281.5140076,280.6058979,281.0599527,1262000
2010/1/21,281.0600586,281.9681686,280.6060036,281.5141136,1972000
2010/1/22,281.9680786,281.9680786,279.6978042,281.0599689,2234000
2010/1/25,282.8762512,284.2384162,281.5140863,281.9681413,2490000
2010/1/26,281.9680786,285.1464628,281.9680786,283.7842981,1952000
2010/1/27,280.6060181,284.2384584,280.6060181,282.4222382,3594000
2010/1/28,281.5140076,282.4221173,280.151843,281.5140076,1680000
2010/1/29,281.5140076,283.330227,281.0599527,281.0599527,1936000
2010/2/1,281.5140076,281.9680624,280.151843,281.9680624,1882000
2010/2/2,282.4222107,282.4222107,280.6059907,281.9681557,1296000
2010/2/3,282.4222107,283.3303207,281.9681557,282.8762657,1966000
2010/2/4,283.7843628,284.2384178,281.9681429,281.9681429,1734000
2010/2/5,283.7843628,285.1465277,282.8762528,283.7843628,3390000
2010/2/8,285.6005249,286.5086347,282.8761956,284.2383602,3208000
2010/2/9,289.6870728,291.5032926,284.6924681,285.600578,6362000
2010/2/10,288.3247986,290.1410178,287.416689,289.2329082,1756000
2010/2/12,289.2328796,290.1409892,287.8707154,287.8707154,2282000
2010/2/15,288.7789001,291.5032294,288.7789001,289.6870099,2564000
2010/2/16,290.1410522,291.049162,289.2329425,289.6869974,2038000
2010/2/17,290.5951538,292.4113735,290.1410989,290.5951538,2848000
2010/2/18,287.416748,289.6870225,287.416748,289.6870225,3540000
2010/2/19,286.5086365,288.324856,286.0545816,287.4167463,2460000
2010/2/22,289.6870728,290.5951827,287.8708529,288.3249078,3104000
2010/2/23,290.5951538,290.5951538,288.3248792,290.1410989,2102000
2010/2/24,289.2328796,289.6869344,287.4166606,288.7788249,2354000
2010/2/25,289.2328796,289.6869344,287.8707154,289.2328796,1898000
2010/2/26,288.7789001,290.5951196,288.7789001,289.6870099,2980000
2010/3/1,288.7789001,289.6870099,288.3248453,289.6870099,1412000
2010/3/2,288.7789001,289.232955,287.4167355,288.7789001,1924000
2010/3/3,290.1410522,290.1410522,287.4167231,288.3248328,2978000
2010/3/4,288.3247986,290.5950726,287.8707438,290.1410178,3552000
2010/3/5,291.9573364,292.4113914,289.2330067,289.6870616,3784000
2010/3/8,296.9519043,297.4059592,293.3194651,293.77352,7372000
2010/3/9,294.2275391,296.4978133,293.7734842,296.0437584,2702000
2010/3/10,292.865448,294.6816678,291.5032831,294.6816678,3026000
2010/3/11,293.3194885,295.1357083,292.4113787,292.8654336,1950000
2010/3/12,294.2275391,294.2275391,292.8653745,293.3194294,2298000
2010/3/15,293.3194885,294.2275984,293.3194885,293.7735435,1118000
2010/3/16,294.6815796,294.6815796,293.3194151,293.3194151,1938000
2010/3/17,295.1357727,295.1357727,294.2276626,294.2276626,1700000
2010/3/18,293.7735596,295.5897794,293.7735596,295.1357245,2164000
2010/3/19,296.9519043,296.9519043,294.6816298,295.1356847,3056000
2010/3/23,298.7681274,298.7681274,296.4978529,296.9519078,2652000
2010/3/24,298.3140869,299.2221968,297.4059771,298.7681418,4118000
2010/3/25,296.9519043,298.7681239,296.4978494,298.7681239,2878000
2010/3/26,296.0437927,297.4059574,295.5897378,296.9519025,17166000
2010/3/29,294.2107544,295.1272988,291.4611212,292.8359378,5888000
2010/3/30,298.7934265,298.7934265,293.294161,293.7524331,3694000
2010/3/31,298.7934265,298.7934265,296.5020659,297.8768823,2750000
2010/4/1,297.8769836,297.8769836,296.5021668,297.8769836,1708000
2010/4/2,296.9602966,297.8768408,296.0437525,297.4185687,1512000
2010/4/5,295.1272278,296.5020441,294.6689557,296.5020441,2082000
2010/4/6,294.6690369,296.0438535,293.7524924,294.2107646,2100000
2010/4/7,298.7934265,299.2516986,295.1272495,295.1272495,5520000
2010/4/8,298.7934265,300.1682429,297.4186101,298.7934265,3306000
2010/4/9,300.6265564,301.0848286,298.7934676,299.2517398,4546000
2010/4/12,301.5430603,303.3761488,301.0847882,301.0847882,4008000
2010/4/13,306.125824,306.125824,301.5431021,302.0013743,5124000
2010/4/14,311.1667786,311.6250507,306.1257851,306.1257851,7420000
2010/4/15,311.1667786,312.541595,308.8754179,310.7085064,3398000
2010/4/16,309.3337402,311.1668291,308.875468,311.1668291,1788000
2010/4/19,305.2092285,308.8754054,305.2092285,307.042317,1638000
2010/4/20,306.5839539,309.7918577,305.6674099,305.6674099,4236000
2010/4/21,307.0423584,309.3337193,306.5840862,307.0423584,3912000
2010/4/22,308.4172058,308.4172058,304.751028,307.0423891,2510000
2010/4/23,308.8753967,308.8753967,306.5840362,307.9588525,2632000
2010/4/26,309.3337402,310.7085569,307.9589236,308.4171958,1992000
2010/4/27,307.9589844,308.4172567,307.0424398,308.4172567,1646000
2010/4/28,304.7510376,307.0423988,304.7510376,306.5841265,2638000
2010/4/30,305.2092285,307.042317,303.8344122,306.5840449,1870000
2010/5/6,304.7510376,306.1258543,300.1683152,304.2927654,3818000
2010/5/7,303.3760376,303.3760376,300.6264058,301.0846778,4354000
2010/5/10,310.7085266,312.0833431,300.626539,302.4596277,7644000
2010/5/11,308.8753967,312.5415735,308.4171246,310.7084851,4364000
2010/5/12,313.4581299,313.916402,310.7084972,310.7084972,5288000
2010/5/13,314.3746338,314.8329058,312.9998176,313.4580897,3672000
2010/5/14,319.8739929,320.7905373,312.99991,312.99991,8868000
2010/5/17,322.1652832,323.5400995,318.9573785,319.4156506,14014000
2010/5/18,319.8739929,321.2488095,318.0409041,319.8739929,4942000
2010/5/19,322.1652832,322.1652832,318.4991064,318.4991064,6604000
2010/5/20,322.6235657,324.4566541,319.873933,320.3322051,8332000
2010/5/21,316.6661377,322.1654049,315.2913209,320.7905881,7878000
2010/5/24,321.7070923,323.5401811,317.5826424,319.4157312,7716000
2010/5/25,319.415741,321.2488299,318.4991965,320.3322854,6098000
2010/5/26,317.1242981,321.7070192,317.1242981,320.3322028,9138000
2010/5/27,318.040802,318.9573461,313.4580815,318.040802,6740000
2010/5/28,317.1242981,320.3322028,317.1242981,319.4156586,6880000
2010/5/31,317.1242981,320.790475,314.8329376,317.1242981,5648000
2010/6/1,318.9573975,319.4156696,315.7494926,316.2077647,3568000
2010/6/2,319.415741,321.2488299,317.1243798,318.4991965,5428000
2010/6/3,323.9985046,324.4567769,320.3323264,320.7905987,5826000
2010/6/4,325.3732605,325.8315327,323.9984439,324.9149883,7004000
2010/6/7,324.914917,326.7480054,323.5401007,323.5401007,4976000
2010/6/8,329.9559937,329.9559937,322.6236382,323.0819105,5654000
2010/6/9,326.7480774,330.8725272,325.831533,329.0394384,9192000
2010/6/10,329.0394897,329.9560343,326.2898561,328.1229452,4170000
2010/6/11,329.9559937,332.7056269,328.581177,329.9559937,8308000
2010/6/14,334.0803833,334.5386554,330.4142063,330.8724784,4362000
2010/6/15,335.4552002,335.9134723,332.2472953,333.1638395,3618000
2010/6/16,335.4552002,337.2882887,334.5386559,336.3717445,4278000
2010/6/17,334.9968872,335.9134314,333.1637989,335.4551593,3256000
2010/6/18,338.2049255,338.2049255,334.0804752,334.5387475,3252000
2010/6/21,340.4961853,340.4961853,337.2882805,337.2882805,3764000
2010/6/22,337.288269,340.0379017,336.8299969,338.6630854,2578000
2010/6/23,337.7467041,340.0380657,334.9970701,334.9970701,3834000
2010/6/24,338.2049255,340.0380146,336.8301088,337.7466533,2778000
2010/6/25,340.0380249,340.0380249,337.7466635,338.6632081,2970000
2010/6/28,341.8710327,344.6206657,339.1213997,339.5796719,9926000
2010/6/29,341.8710327,343.7041214,340.4962162,342.3293049,4200000
2010/6/30,339.5795898,340.954406,337.2882296,338.2047737,4676000
2010/7/1,340.9544678,341.871012,339.1213792,339.5796514,5720000
2010/7/2,341.4127197,344.1623524,340.0379034,342.787536,4502000
2010/7/5,344.6206665,344.6206665,339.5796727,341.8710335,5230000
2010/7/6,346.4537048,346.9119769,341.8709839,343.2458002,6660000
2010/7/7,347.3703308,349.6616918,345.0789698,348.2868752,7300000
2010/7/8,346.9119873,350.1198921,345.537171,349.2033479,4770000
2010/7/9,345.9954529,348.7450856,345.5371808,346.9119971,4104000
2010/7/12,339.5795898,346.4536706,339.5795898,346.4536706,4002000
2010/7/13,339.1213684,342.7875454,336.3717357,337.2882799,5208000
2010/7/14,336.8300781,341.4128003,336.3718059,339.1214392,5660000
2010/7/15,330.872467,335.9134603,329.0393786,335.9134603,7174000
2010/7/16,330.4141846,332.7055451,328.1228241,328.1228241,4934000
2010/7/21,324.456665,328.5811142,323.9983929,326.7480257,4246000
2010/7/22,329.4976501,331.3307386,324.914929,325.3732011,4958000
2010/7/23,329.4976501,331.3307386,327.2062896,331.3307386,2824000
2010/7/26,328.5811157,332.2472927,328.1228436,330.8724764,3036000
2010/7/27,329.0394897,329.9560343,327.2064007,327.6646729,1668000
2010/7/28,330.4141846,330.8724567,327.2062799,329.9559125,2706000
2010/7/29,333.6221313,334.5386757,329.4976819,330.4142262,7048000
2010/7/30,330.872467,334.9969161,330.872467,334.538644,3946000
2010/8/2,327.2063599,329.4977209,325.373271,329.0394487,3236000
2010/8/3,332.7055969,335.9135021,328.5811474,330.8725082,5332000
2010/8/4,330.872467,334.0803718,329.9559228,330.4141949,2900000
2010/8/5,348.2869263,350.1200154,338.6632086,340.0380254,12496000
2010/8/6,350.1199646,350.1199646,345.5372425,345.9955148,5524000
2010/8/9,352.411377,357.4523719,349.2034711,349.6617433,9142000
2010/8/10,347.3703308,351.9530529,345.537242,350.5782362,3010000
2010/8/11,345.5372925,350.1200152,343.7042034,348.7451984,4810000
2010/8/12,348.2869263,349.6617431,343.2459313,343.7042036,5814000
2010/8/13,348.2869263,349.2034708,345.5372926,348.2869263,2236000
2010/8/16,349.6616211,350.5781653,347.8285326,348.2868048,2100000
2010/8/17,351.0364075,352.8694958,348.286775,348.286775,4410000
2010/8/18,349.6616211,351.9529817,349.203349,350.5781653,2526000
2010/8/19,347.8285217,351.0364264,345.5371612,349.203338,3594000
2010/8/20,342.7875671,346.4537443,342.329295,345.5372,4264000
2010/8/23,343.7041321,345.5372208,341.4127712,342.7875877,2018000
2010/8/24,343.7041321,345.995493,342.3293156,344.1624043,2404000
2010/8/25,341.4127197,345.0788966,340.9544476,342.787536,2536000
2010/8/26,340.9544678,344.1623727,340.0379235,343.7041006,2776000
2010/8/27,345.0789795,345.9955239,340.0379851,341.4128018,3104000
2010/8/30,348.2869263,351.9531044,346.4538372,346.9121095,3554000
2010/8/31,341.4127197,347.3702571,340.9544476,347.3702571,3990000
2010/9/1,341.8710327,342.3293049,339.5796719,341.4127606,2976000
2010/9/2,345.5372925,346.9121093,342.3293866,346.453837,3244000
2010/9/3,348.2869263,349.2034708,345.0790204,345.0790204,2718000
2010/9/6,351.0364075,352.8694958,348.286775,350.5781354,4722000
2010/9/7,352.411377,353.7861938,350.1200156,351.4948324,3834000
2010/9/8,354.7026367,354.7026367,351.0364596,351.0364596,4970000
2010/9/9,357.4522705,357.9105426,354.7026377,356.0774541,7272000
2010/9/10,359.2854004,362.0350336,357.9105838,360.2019448,6612000
2010/9/13,356.5357971,360.6602472,355.6192527,360.6602472,2686000
2010/9/14,356.0774841,356.5357563,354.7026676,356.0774841,2288000
2010/9/16,362.0350342,364.3263952,359.285401,362.4933064,6312000
2010/9/17,362.9515381,363.4098102,359.2853609,363.4098102,5860000
2010/9/21,350.5782166,362.035021,350.5782166,361.5767488,8780000
2010/9/22,354.7026367,356.5357253,351.4947317,352.411276,6296000
2010/9/24,356.5357971,357.9106138,355.6192527,356.0775249,8138000
2010/9/27,355.1609497,356.5357663,352.4113165,354.7026775,17504000
2010/9/28,362.0796204,362.5408683,357.928389,358.389637,10554000
2010/9/29,363.0021973,364.8471894,359.312213,362.5409492,6412000
2010/9/30,358.8509827,363.9247112,358.8509827,362.5409671,3646000
2010/10/1,357.9283752,358.8508711,356.5446315,358.8508711,3466000
2010/10/4,353.3158875,357.9283664,351.9321438,357.9283664,3642000
2010/10/5,354.6997375,355.6222336,351.4710013,351.4710013,4116000
2010/10/6,356.5446167,358.3896082,353.7771294,357.0058646,4384000
2010/10/7,356.5446167,357.9283604,354.6996252,355.160873,2596000
2010/10/8,356.0834351,360.2346668,356.0834351,357.928427,3748000
2010/10/12,352.3934631,358.850935,351.0097192,358.850935,2784000
2010/10/13,351.0097351,352.8547271,348.7034951,352.3934791,3194000
2010/10/14,352.8546753,354.6996671,350.5484356,351.0096835,2768000
2010/10/15,351.9321594,353.7771511,351.4709115,353.7771511,2352000
2010/10/18,355.1609192,355.1609192,351.9321836,351.9321836,1698000
2010/10/19,358.3896484,358.8508964,355.6221608,355.6221608,1962000
2010/10/20,359.3121643,359.3121643,356.0834286,359.3121643,2592000
2010/10/21,359.7733765,359.7733765,356.544641,358.8508806,2924000
2010/10/22,362.0796204,362.0796204,357.928389,358.8508849,2532000
2010/10/25,362.540863,364.8471026,361.1571193,362.540863,3952000
2010/10/26,365.3083496,366.6920934,363.4633579,364.3858538,4952000
2010/10/27,362.0796204,365.3083558,360.6958766,364.8471079,2474000
2010/10/28,362.0796204,363.0021162,360.2346287,361.1571245,4502000
2010/10/29,359.7733765,363.0021119,357.4671369,361.1571202,4812000
2010/11/1,361.6184082,363.4634001,357.4671765,358.8509204,4334000
2010/11/2,360.6959839,361.61848,358.8509916,361.61848,3244000
2010/11/4,363.0021973,364.8471894,362.0797012,363.9246933,3722000
2010/11/5,359.7733765,366.2308473,357.4671369,365.3083515,6638000
2010/11/8,359.3121643,360.2346602,357.0059245,359.7734123,4060000
2010/11/9,357.4671936,361.1571775,356.5446976,359.7734336,4268000
2010/11/10,355.6221313,359.3121146,354.2383876,359.3121146,4154000
2010/11/11,355.6221313,359.3121146,354.2383876,356.0833792,5222000
2010/11/12,354.6997375,357.4672257,354.2384895,354.6997375,3708000
2010/11/15,353.3158875,356.0833748,353.3158875,355.160879,3634000
2010/11/16,352.3934631,355.1609511,350.5484712,354.2384551,3376000
2010/11/17,349.6259766,350.5484725,348.2422326,350.5484725,3896000
2010/11/18,354.6997375,354.6997375,348.2422651,349.1647612,4504000
2010/11/19,351.4709473,355.160931,350.5484513,355.160931,5258000
2010/11/22,348.2421875,351.470923,348.2421875,351.0096751,3704000
2010/11/24,348.7033691,352.3933519,346.3971299,347.3196256,3954000
2010/11/25,348.7033691,351.0096084,347.7808735,348.7033691,4248000
2010/11/26,350.5484924,351.0097404,348.2422523,350.0872444,2766000
2010/11/29,351.0097351,353.3159752,349.6259911,351.0097351,3220000
2010/11/30,349.6259766,352.3934645,349.6259766,351.0097205,2870000
2010/12/1,350.5484924,350.5484924,349.1647484,350.0872444,2470000
2010/12/2,357.9283752,360.6958627,348.7034171,351.9321525,10380000
2010/12/3,351.0097351,360.2346953,349.6259911,358.8509513,6276000
2010/12/6,351.0097351,351.9322311,349.1647431,351.0097351,3536000
2010/12/7,347.3197327,350.5484686,346.3972367,350.0872206,5650000
2010/12/8,347.3197327,349.6259726,345.9359887,349.1647246,5154000
2010/12/9,347.7810364,348.2422844,346.3972922,347.3197883,2620000
2010/12/10,346.3971863,349.1646738,346.3971863,348.242178,5924000
2010/12/13,351.4709473,352.8546912,347.3197156,347.3197156,8704000
2010/12/14,353.3158875,353.3158875,349.6259043,351.4708959,4742000
2010/12/15,358.3896484,363.0021278,357.4671526,357.9284005,10728000
2010/12/16,355.1609192,363.9246302,355.1609192,362.5408863,7338000
2010/12/17,353.3158875,356.0833748,352.3933917,354.6996311,4594000
2010/12/20,353.3158875,355.6221269,350.5484001,353.3158875,4136000
2010/12/21,352.3934631,356.544695,351.9322151,355.1609511,3856000
2010/12/22,349.6259766,353.3159605,348.7034806,352.8547125,4642000
2010/12/24,351.0097351,351.9322311,349.6259911,349.6259911,2292000
2010/12/27,350.0871582,351.9321498,349.6259103,351.009654,1564000
2010/12/28,349.6259766,351.0097205,349.6259766,350.5484725,1352000
2010/12/29,348.7033691,350.0871127,348.2421213,349.6258648,2316000
2010/12/30,346.8584595,348.7034513,346.8584595,347.7809554,2146000
2011/1/4,348.2421875,349.1646834,347.3196916,349.1646834,2852000
2011/1/5,347.7810364,348.7035325,346.3972922,348.7035325,2848000
2011/1/6,345.9359741,348.2422139,345.9359741,348.2422139,3728000
2011/1/7,346.8584595,349.1646992,345.9359636,346.8584595,7348000
2011/1/11,350.5484924,351.0097404,347.3197563,347.7810043,3742000
2011/1/12,348.7033691,351.932104,348.2421213,351.0096084,3418000
2011/1/13,347.3197327,350.0872206,346.8584847,350.0872206,3188000
2011/1/14,346.8584595,348.7034513,346.8584595,347.7809554,3348000
2011/1/17,346.3971863,348.242178,346.3971863,347.78093,3100000
2011/1/18,346.3971863,347.78093,345.9359384,346.3971863,3124000
2011/1/19,345.9359741,347.319718,345.9359741,346.8584701,3372000
2011/1/20,350.0871582,351.9321498,348.7034145,350.0871582,5744000
2011/1/21,346.3971863,352.3934092,345.9359384,351.9321613,6594000
2011/1/24,351.9321594,351.9321594,347.7809282,348.2421761,5950000
2011/1/25,351.4709473,352.8546912,350.5484513,352.3934432,4158000
2011/1/26,351.4709473,353.7771871,351.0096993,352.8546912,4708000
2011/1/27,349.6259766,351.9322165,348.7034806,351.0097205,3602000
2011/1/28,348.2421875,352.3934189,348.2421875,350.5484272,3662000
2011/1/31,348.7033691,350.0871127,347.3196256,348.2421213,3056000
2011/2/1,351.9321594,351.9321594,349.6259198,349.6259198,2314000
2011/2/2,356.5446167,356.5446167,352.3933857,353.3158815,6144000
2011/2/3,358.8509827,358.8509827,354.6997502,356.0834944,3044000
2011/2/4,363.9246216,366.2308613,360.2346381,361.157134,8168000
2011/2/7,365.3083496,366.2308454,363.4633579,363.9246059,3652000
2011/2/8,360.2345276,365.3082533,359.7732798,365.3082533,4588000
2011/2/9,363.9246216,364.8471175,361.6183819,362.0796298,3446000
2011/2/10,366.230896,367.153392,364.3859041,364.3859041,4482000
2011/2/14,368.5372314,369.4597276,365.7697428,366.692239,4586000
2011/2/15,368.9983521,368.9983521,367.6146082,368.5371041,2842000
2011/2/16,366.230896,368.5371359,366.230896,367.6146399,3382000
2011/2/17,368.0757751,368.537023,365.769536,366.2307838,3296000
2011/2/18,368.9983521,368.9983521,367.1533603,367.6146082,1660000
2011/2/21,367.614624,367.614624,364.3858883,366.6921281,2992000
2011/2/22,366.230896,367.153392,363.9246561,364.8471521,4548000
2011/2/23,366.6921387,367.6146346,364.3858988,364.3858988,2908000
2011/2/24,365.7695618,370.8432883,365.3083139,367.6145533,7240000
2011/2/25,373.6108398,374.0720878,367.1533685,367.1533685,6518000
2011/2/28,377.3007202,378.6844637,371.3044985,373.1494898,4526000
2011/3/1,379.6070862,380.9908301,377.7620943,377.7620943,3938000
2011/3/2,378.2232361,379.6069796,373.6107576,378.2232361,6536000
2011/3/3,379.1457214,379.6069693,375.9169866,377.3007301,3142000
2011/3/4,380.5295715,382.3745634,379.1458276,379.1458276,3516000
2011/3/7,377.762146,380.9908823,377.300898,380.9908823,2520000
2011/3/8,379.6070862,382.835822,378.2233422,378.6845902,3158000
2011/3/9,381.4519348,382.3744304,380.5294392,381.9131826,2148000
2011/3/10,379.6070862,383.758318,378.6845902,381.4520781,5260000
2011/3/11,378.2232361,380.0682275,377.7619882,380.0682275,5092000
2011/3/14,316.8773193,341.323459,309.0361047,309.0361047,26100000
2011/3/15,285.9736938,310.8810801,276.748736,310.4198322,26910000
2011/3/16,315.4935913,319.1835748,290.5862025,290.5862025,14808000
2011/3/17,309.0361328,312.2648685,297.9661818,303.9624053,16338000
2011/3/18,310.881073,311.3423209,307.6523378,310.4198251,16464000
2011/3/22,316.4160461,323.3347644,316.4160461,322.8735165,14404000
2011/3/23,310.881073,317.7997912,309.4973293,316.8772955,16110000
2011/3/24,298.8886108,309.9585594,295.6598758,309.0360637,20232000
2011/3/25,289.6637268,296.1211984,284.5899991,295.6599505,26884000
2011/3/28,284.5899658,288.2799492,282.2837262,283.2062221,30356000
2011/3/29,296.215271,298.5403516,287.8449808,287.8449808,28122000
2011/3/30,311.5609741,312.0259905,304.1207121,310.165925,30212000
2011/3/31,307.375824,313.4210369,304.5857257,313.4210369,14186000
2011/4/1,302.2606506,311.095962,302.2606506,308.77088,15290000
2011/4/4,298.5404968,305.9807584,296.6804314,299.4705295,15894000
2011/4/5,297.1454163,302.7256119,295.2853511,299.4704978,16072000
2011/4/6,294.3552856,298.0754156,288.7750907,296.2153506,24116000
2011/4/7,294.3552856,296.2153506,292.9602369,295.2853181,9878000
2011/4/8,305.0507202,306.9107856,292.9602953,293.890328,19806000
2011/4/11,307.8406982,315.2809568,307.3756821,313.8859083,16238000
2011/4/12,308.3057861,310.6308675,303.1906072,308.3057861,15506000
2011/4/13,314.81604,315.7460727,305.0506976,309.2358444,23064000
2011/4/14,313.8860474,316.6761456,312.4909983,315.2810965,18342000
2011/4/15,318.5361938,322.7213409,313.8860304,315.2810795,19954000
2011/4/18,319.0011597,321.326241,318.0711271,320.8612247,8236000
2011/4/19,317.6061707,319.0012197,316.6761379,318.071187,5996000
2011/4/20,314.3510132,319.0011761,314.3510132,318.5361598,9376000
2011/4/21,320.3963318,320.3963318,316.6762002,318.536266,8536000
2011/4/22,322.2562866,324.5813681,319.0011726,320.3962215,10538000
2011/4/25,320.3963318,325.9765291,319.9313153,323.1864305,7500000
2011/4/26,316.6760254,319.9311387,316.6760254,319.4661225,5446000
2011/4/27,313.8860474,317.6061783,311.5609655,316.6761456,7682000
2011/4/28,319.0011597,319.0011597,314.350997,315.7460458,6502000
2011/5/2,321.7912903,321.7912903,315.7460782,318.5361761,7986000
2011/5/6,318.0711365,319.001169,315.7460551,319.001169,8974000
2011/5/9,321.326355,331.0917001,319.9313057,320.8613385,21350000
2011/5/10,325.0464478,325.5114641,319.0012348,324.116415,9596000
2011/5/11,321.7912903,325.0464045,321.326274,324.5813882,6228000
2011/5/12,322.2562866,325.0463843,319.9312052,321.326254,6188000
2011/5/13,322.7212524,325.0463335,321.3262038,324.5813173,7336000
2011/5/16,319.9312134,323.1863275,319.0011808,323.1863275,4780000
2011/5/17,319.9312134,321.3262623,318.5361645,320.3962297,3498000
2011/5/18,322.7212524,323.6512849,320.8611876,321.3262038,4394000
2011/5/19,325.5114441,326.4414768,322.721346,323.6513787,7796000
2011/5/20,322.2562866,325.9764169,321.7912703,325.9764169,4580000
2011/5/23,320.8612976,323.1863795,320.3962812,323.1863795,4172000
2011/5/24,322.2562866,322.2562866,319.9312052,320.8612378,2808000
2011/5/25,320.3963318,322.2563976,319.9313153,322.2563976,2884000
2011/5/26,320.8612976,322.2563467,319.9312649,321.326314,3060000
2011/5/27,319.9312134,321.3262623,319.9312134,321.3262623,1480000
2011/5/30,318.5361938,319.9312429,316.6761285,319.4662265,4166000
2011/5/31,320.8612976,320.8612976,317.1411666,318.5362157,5928000
2011/6/1,314.81604,320.3962357,314.81604,320.3962357,8438000
2011/6/2,307.8406982,313.8859083,307.3756821,313.8859083,11840000
2011/6/3,304.1206665,308.7708296,303.6556502,308.7708296,7324000
2011/6/6,304.5856323,306.4456973,303.6555999,304.1206161,6082000
2011/6/7,308.7708435,309.7008762,305.0507129,305.0507129,4828000
2011/6/8,306.4457092,309.2358067,304.5856442,309.2358067,5974000
2011/6/9,305.9807129,307.3757617,304.585664,305.9807129,4946000
2011/6/10,310.6308899,312.4909551,306.9107595,307.8407921,9942000
2011/6/13,313.420929,313.420929,309.7007992,310.6308317,5272000
2011/6/14,317.6061707,318.071187,314.3510562,314.8160725,5046000
2011/6/15,316.6760254,318.5360902,314.8159606,317.6060578,4566000
2011/6/16,308.3057861,315.7460464,306.4457211,314.8160139,11728000
2011/6/17,309.7008667,309.7008667,306.4457525,308.7708341,5562000
2011/6/20,311.5609741,312.0259905,309.7009086,311.5609741,4302000
2011/6/21,314.3510132,315.7460621,310.1658666,312.9559643,5650000
2011/6/22,313.8860474,315.2810965,311.0959492,313.8860474,6442000
2011/6/23,313.420929,313.8859452,312.0258803,312.0258803,3230000
2011/6/24,311.0958252,315.2809708,311.0958252,314.3509385,4366000
2011/6/27,309.7008667,312.4909646,309.2358504,311.560932,4020000
2011/6/28,310.165863,312.9559608,309.2358305,311.5609119,4618000
2011/6/29,316.2110901,316.6761064,311.560927,312.0259433,5988000
2011/6/30,317.1412354,317.1412354,313.88612,315.2811695,5046000
2011/7/1,319.0011597,320.3962085,317.6061109,318.5361434,4566000
2011/7/4,319.466217,320.861266,318.0711681,319.9312334,3658000
2011/7/5,319.466217,319.9312334,318.5361844,319.466217,1864000
2011/7/6,321.326355,321.326355,318.5362564,319.4662892,4026000
2011/7/7,320.8612976,321.7913304,319.9312649,321.7913304,2850000
2011/7/8,332.4867554,336.6719033,321.7913772,322.2563937,17932000
2011/7/11,330.6266174,332.9516991,328.7665521,332.0216665,5212000
2011/7/12,330.6266174,331.5566501,327.8365194,327.8365194,4808000
2011/7/13,336.2068176,337.1368503,329.6965888,330.1616051,9120000
2011/7/14,332.4867554,342.7171171,332.0217389,336.6719033,9366000
2011/7/15,337.6018677,339.4619331,333.8817369,334.8117696,6776000
2011/7/19,341.3219604,342.7170093,339.9269116,339.9269116,5318000
2011/7/20,338.9968872,345.5071155,336.6718057,344.5770829,7434000
2011/7/21,339.461792,341.3218566,337.6017274,339.461792,4144000
2011/7/22,339.461792,341.7868728,339.461792,341.3218566,2212000
2011/7/25,339.9268799,342.2519611,339.9268799,341.7869449,4216000
2011/7/26,340.3919373,341.7869862,338.9968883,341.3219699,4392000
2011/7/27,339.461792,340.3918243,336.6716951,339.461792,2744000
2011/7/28,335.7417297,339.4618597,335.7417297,338.066811,3912000
2011/7/29,335.7417297,338.066811,335.2767135,336.6717622,3040000
2011/8/1,339.9268799,341.3219286,335.2767174,335.2767174,4350000
2011/8/2,339.461792,340.3918243,338.5317597,339.9268081,2414000
2011/8/3,336.6717834,339.4618811,335.2767346,337.1367997,4342000
2011/8/4,331.0915833,336.6717785,329.2315182,336.2067622,6374000
2011/8/5,335.2767639,336.2067965,320.8612581,320.8612581,13996000
2011/8/8,331.5566406,335.2767712,331.0916243,332.021657,4978000
2011/8/9,332.021698,332.4867144,323.6514031,326.9065178,8832000
2011/8/10,335.2767639,337.1368292,332.0216497,334.8117476,7644000
2011/8/11,339.461792,339.9268081,331.0915012,332.4865497,5916000
2011/8/12,342.2519836,342.2519836,337.6018208,341.3219511,6418000
2011/8/15,350.1573792,352.0174449,343.647149,344.1121654,11042000
2011/8/16,347.8322449,352.4824086,345.507163,351.0873595,8316000
2011/8/17,349.6922607,350.6222934,345.0420977,348.7622281,6286000
2011/8/18,352.0173035,352.947336,348.2971734,350.6222547,5602000
2011/8/19,351.5522766,353.4123416,348.2971629,348.7621792,7066000
2011/8/22,355.7374878,357.1325368,350.6223082,351.5523409,10022000
2011/8/23,362.2477112,363.6427601,358.0625643,358.0625643,8350000
2011/8/24,360.3876648,365.9678609,359.9226485,365.0378282,6670000
2011/8/25,355.2724915,364.5728185,355.2724915,361.7827204,8164000
2011/8/26,354.3424072,358.9925701,352.0173258,356.2024724,4308000
2011/8/29,357.6905823,359.4576387,353.4124262,354.3424589,5904000
2011/8/30,353.1334534,357.5975993,352.0174027,356.2025502,4306000
2011/8/31,352.5752869,355.2723751,350.6222132,354.3423427,5226000
2011/9/1,353.1438904,355.737526,351.5523787,355.2725096,4260000
2011/9/2,354.8074341,354.8074341,351.55232,352.0173363,2878000
2011/9/5,353.5054016,355.7374742,351.0873111,352.4823601,4882000
2011/9/6,361.317627,363.6427082,356.2024482,357.1324807,7976000
2011/9/7,363.1533203,363.6428023,359.4576549,361.7827368,2976000
2011/9/8,364.5727844,364.5727844,361.7826866,362.7127192,4286000
2011/9/9,367.1303711,367.8278955,363.1777325,364.5727814,6780000
2011/9/12,371.0829773,371.0829773,365.9677984,366.4328147,5870000
2011/9/13,371.5480957,371.5480957,368.292981,371.0830793,4384000
2011/9/14,368.339447,372.9431203,367.8279404,369.6880058,4754000
2011/9/15,368.7579041,372.4780342,368.2928878,370.1529529,4012000
2011/9/16,366.944397,369.6880048,365.967874,368.7579721,4324000
2011/9/20,365.9678955,366.8979283,365.0378627,365.5028791,4392000
2011/9/21,365.9678955,366.8979283,363.6428136,363.6428136,6234000
2011/9/22,371.0829773,371.0829773,365.9677984,365.9677984,7008000
2011/9/26,369.2229614,372.943092,366.4328635,371.548043,9038000
2011/9/27,372.4781189,372.9431353,369.6880206,370.153037,13496000
2011/9/28,375.75354,375.75354,369.2024198,369.670357,11058000
2011/9/29,381.836853,381.836853,374.8177932,375.7536679,7826000
2011/9/30,386.9840698,387.9199442,383.7085094,383.7085094,7454000
2011/10/3,386.0481567,386.0481567,379.9649737,384.1764081,5514000
2011/10/4,384.1764832,386.0482322,382.3047341,383.2406087,4836000
2011/10/5,379.4971313,383.7085668,377.157445,383.7085668,4676000
2011/10/6,379.4971313,380.4330059,377.6253822,378.5612568,3134000
2011/10/7,374.8178101,379.9651208,374.8178101,379.9651208,3374000
2011/10/11,371.0742188,374.3497793,370.6062815,374.3497793,3570000
2011/10/12,364.0551758,370.13836,364.0551758,369.6704227,4600000
2011/10/13,361.7155151,363.119327,359.843766,362.6513897,3956000
2011/10/14,365.4589844,368.2666078,359.3758003,359.3758003,4046000
2011/10/17,364.9911194,369.6704927,364.5231821,367.7987434,2422000
2011/10/18,361.7155151,366.8628252,360.7796406,364.9910761,2676000
2011/10/19,362.6514282,363.5873029,360.3117416,362.1834909,2198000
2011/10/20,369.2024841,369.6704214,362.1834255,362.6513627,4156000
2011/10/21,367.3307495,372.0101221,365.9269377,369.6704358,1982000
2011/10/24,364.0551758,368.7345482,363.5872385,367.3307365,2294000
2011/10/25,359.84375,363.587248,358.4399382,362.6513735,3174000
2011/10/26,359.84375,361.2475618,358.4399382,359.84375,1688000
2011/10/27,361.2475586,361.7154958,358.4399351,358.9078723,2714000
2011/10/28,362.6514282,363.5873029,360.3117416,361.7155536,3230000
2011/10/31,365.4589844,369.2024823,361.2475492,361.2475492,3312000
2011/11/1,369.2024841,370.6062959,365.4589862,365.9269234,3104000
2011/11/2,364.0551758,368.266611,362.651364,368.266611,3528000
2011/11/4,366.3948975,366.3948975,363.1193364,365.4590229,2948000
2011/11/7,383.2406616,383.7085989,373.413978,374.3498526,11418000
2011/11/8,386.0481567,388.3878425,382.7725966,383.7084709,7858000
2011/11/9,386.0481567,386.9840311,382.3046595,385.1122824,4728000
2011/11/10,387.4520569,387.4520569,382.7726842,382.7726842,4960000
2011/11/11,387.9200134,387.9200134,385.1123897,385.1123897,3544000
2011/11/14,383.2406616,386.9841601,382.7727243,386.0482855,3480000
2011/11/15,382.3047791,385.1124029,381.8368417,382.3047791,1882000
2011/11/16,381.836853,383.240665,380.4330411,382.7727277,1464000
2011/11/17,383.7085571,384.6444317,380.9009335,382.3047453,2224000
2011/11/18,382.772644,385.5802673,382.3047068,383.7085185,2378000
2011/11/21,386.5162354,387.45211,383.7086114,383.7086114,3062000
2011/11/22,382.3047791,386.9841521,381.8368417,385.5803402,3246000
2011/11/24,381.836853,386.0482889,380.9009784,382.7727277,3090000
2011/11/25,377.1574707,382.7727184,376.2215961,381.3689065,3270000
2011/11/28,373.8819275,378.5613008,373.8819275,378.5613008,3258000
2011/11/29,374.349884,375.7536961,372.0101973,374.8178214,4080000
2011/11/30,375.75354,376.6894144,372.9459171,373.8817914,4556000
2011/12/1,372.0101318,376.2215673,371.5421946,376.2215673,4732000
2011/12/2,378.0933228,378.56126,372.9460127,373.4139499,3514000
2011/12/5,376.2214966,378.0932453,375.2856222,377.157371,2762000
2011/12/6,373.4138489,376.689409,372.4779746,374.3497232,3518000
2011/12/7,374.8178101,375.7536847,372.4781234,374.8178101,3790000
2011/12/8,375.285675,378.5612358,372.9459888,376.2215496,3996000
2011/12/9,372.9460144,375.2857008,372.0101398,372.4780771,4504000
2011/12/12,374.349884,376.2216335,373.4140093,376.2216335,2412000
2011/12/13,373.8819275,374.3498648,371.5422408,372.4781155,2416000
2011/12/14,373.8819275,375.2857395,373.4139902,374.3498648,1680000
2011/12/15,372.9460144,375.2857008,372.4780771,373.881889,2064000
2011/12/16,372.4781189,374.3498682,372.0101816,372.9460562,3174000
2011/12/19,372.0101318,373.8818809,372.0101318,372.4780691,1998000
2011/12/20,378.5612183,378.5612183,372.0100971,372.0100971,3038000
2011/12/21,379.0291748,379.0291748,376.6894885,378.5612376,1736000
2011/12/22,379.9650879,382.7727117,378.0933387,379.4971506,1812000
2011/12/26,379.0291748,380.4329866,378.0933003,380.4329866,1158000
2011/12/27,376.2214966,377.6253081,375.2856222,376.2214966,1518000
2011/12/28,376.2214966,377.157371,375.7535594,376.6894338,938000
2011/12/29,380.901001,381.3689383,376.2216275,376.6895648,2134000
2011/12/30,380.4330139,381.3688885,379.0292021,380.9009512,1114000
2012/1/4,385.5803528,385.5803528,381.8368542,381.8368542,3062000
2012/1/5,383.2406616,386.9841601,383.2406616,385.5803482,2034000
2012/1/6,383.7085571,384.6444317,381.8368081,384.6444317,1856000
2012/1/10,385.1124268,387.4521134,383.7086148,385.1124268,1972000
2012/1/11,384.6443787,385.5802531,382.7726299,385.1123159,1766000
2012/1/12,379.0291748,383.2406101,379.0291748,382.7726728,1936000
2012/1/13,379.4971313,381.3688805,378.5612568,379.4971313,1826000
2012/1/16,380.901001,380.901001,376.6895648,379.0292516,1176000
2012/1/17,382.3047791,382.3047791,379.9650925,380.9009671,1830000
2012/1/18,380.901001,382.304813,379.9651263,382.304813,1508000
2012/1/19,379.4971313,384.6444414,379.0291941,380.9009432,2646000
2012/1/20,369.6705627,379.4972486,367.7988131,379.0293112,9154000
2012/1/23,371.0742188,372.4780304,365.9269093,370.1383443,5246000
2012/1/24,371.0742188,372.0100932,369.6704071,371.0742188,2364000
2012/1/25,374.349884,374.349884,370.1384478,371.0743225,3440000
2012/1/26,373.4138489,374.3497232,372.4779746,373.4138489,1880000
2012/1/27,373.8819275,374.8178022,372.9460528,372.9460528,1594000
2012/1/30,375.75354,376.2214772,373.8817914,373.8817914,1616000
2012/1/31,379.0291748,379.0291748,376.6894885,377.1574258,3072000
2012/2/1,378.5612183,379.4970927,377.6253438,379.4970927,1736000
2012/2/2,379.9650879,380.4330252,378.561276,379.4971506,2528000
2012/2/3,380.901001,381.3689383,378.5613142,379.9651263,2240000
2012/2/6,384.6443787,385.5802531,382.7726299,383.7085043,3920000
2012/2/7,387.9200134,387.9200134,385.1123897,385.580327,4530000
2012/2/8,389.3237305,390.2596048,387.4519818,387.9199189,4394000
2012/2/9,390.2596741,391.1955486,386.516176,388.387925,3684000
2012/2/10,395.4070435,395.4070435,390.2597328,391.1956075,4404000
2012/2/13,397.278656,397.7465932,393.5351587,394.471033,2794000
2012/2/14,400.0863953,400.5543326,397.2787714,397.7467087,3720000
2012/2/15,395.8749695,401.4902173,393.0673456,400.0864053,5818000
2012/2/16,392.5993042,394.9389902,390.7275554,394.0031158,3516000
2012/2/17,389.3237305,393.0672279,389.3237305,393.0672279,4022000
2012/2/20,384.6443787,389.7916879,384.1764415,389.7916879,5712000
2012/2/21,388.855896,389.7917706,385.5803349,385.5803349,3408000
2012/2/22,392.1315308,393.0674055,388.3880317,390.2597812,3978000
2012/2/23,391.1956177,393.067367,389.3238683,392.5994297,2400000
2012/2/24,389.791748,393.5352462,389.3238108,393.067309,3470000
2012/2/27,387.4520569,390.2596805,386.9841196,390.2596805,3984000
2012/2/28,393.5352783,394.4711529,388.3879679,388.8559052,3078000
2012/2/29,394.0031433,395.8748922,393.0672689,393.5352061,3694000
2012/3/1,394.4711304,395.4070049,393.0673185,394.9390677,2828000
2012/3/2,392.5993042,395.8748645,392.5993042,395.4069274,3970000
2012/3/5,394.4711304,394.9390677,392.5993812,393.5352558,2526000
2012/3/6,397.7467346,398.214672,394.0032359,394.4711733,3946000
2012/3/7,400.0863953,400.0863953,396.8108341,396.8108341,3602000
2012/3/8,403.8299866,403.8299866,401.0223621,401.4902995,3856000
2012/3/9,404.297821,406.1695702,402.8940092,405.2336956,4730000
2012/3/12,406.6374817,408.977168,405.2336699,406.6374817,5018000
2012/3/13,404.297821,408.5092567,403.8298838,407.5733821,3882000
2012/3/14,403.361969,408.0413422,403.361969,406.6375302,3076000
2012/3/15,403.361969,404.765781,403.361969,404.765781,2506000
2012/3/16,402.8939514,404.2977631,402.4260142,403.3618886,2538000
2012/3/19,403.8299866,405.2337988,402.8941117,402.8941117,2732000
2012/3/21,408.5092163,409.4450908,404.2977811,404.7657183,4986000
2012/3/22,413.6565552,414.1244925,408.5092451,408.9771824,5520000
2012/3/23,413.6565552,415.060367,411.7848061,414.1244925,3792000
2012/3/26,413.1886292,417.8680021,413.1886292,416.4641902,7680000
2012/3/27,411.784729,414.124415,409.445043,413.6564778,16682000
2012/3/28,416.0202332,416.0202332,408.9610663,410.3728997,10440000
2012/3/29,416.9615479,417.4321591,413.196658,413.196658,4002000
2012/3/30,417.4321594,417.4321594,414.6084921,416.9615482,2998000
2012/4/2,413.1966248,416.9615143,413.1966248,415.5496807,3690000
2012/4/3,414.6084595,416.020293,410.8435699,414.1378483,3758000
2012/4/4,413.6672668,415.5497117,413.1966556,415.0791005,3000000
2012/4/5,412.2553406,413.6671739,410.8435072,412.2553406,2954000
2012/4/6,413.1966248,413.1966248,409.4317352,410.8435688,1954000
2012/4/9,414.1379089,415.0791315,411.3142414,411.7848526,2258000
2012/4/10,413.1966248,414.6084583,411.31418,414.1378471,2282000
2012/4/11,414.1379089,415.0791315,410.3730189,410.8436301,3132000
2012/4/12,416.9615479,417.9027703,414.6084917,415.5497142,3994000
2012/4/13,418.8440247,418.8440247,416.0203571,416.9615796,2588000
2012/4/16,418.8440247,418.8440247,416.4909683,418.3734134,2750000
2012/4/17,420.2558594,421.1970819,417.4321918,417.9028031,3212000
2012/4/18,421.6676025,423.079436,419.7851579,420.7263802,2782000
2012/4/19,421.6676025,421.6676025,419.3145467,420.7263802,2058000
2012/4/20,421.196991,422.1382133,420.2557686,421.196991,1598000
2012/4/23,418.8440247,422.1383035,418.3734134,421.6676922,2084000
2012/4/24,416.9615479,418.8439928,416.4909366,418.3733815,2310000
2012/4/25,418.8440247,419.3146359,416.9615796,418.3734134,2034000
2012/4/26,419.7851868,421.1970204,418.8439644,419.3145756,2286000
2012/4/27,416.9615479,419.7852152,416.9615479,417.9027703,5494000
2012/5/1,416.9615479,416.9615479,416.9615479,416.9615479,0
2012/5/2,430.6092834,432.0211172,423.0795036,424.0207261,5922000
2012/5/7,429.6679993,432.0210551,426.8443322,426.8443322,4226000
2012/5/8,429.6679993,431.550444,427.3149434,430.1386104,2974000
2012/5/9,424.4912415,429.1973528,424.4912415,428.7267416,2486000
2012/5/10,422.6088867,424.9619429,421.197053,424.9619429,2780000
2012/5/11,420.2558594,423.079527,420.2558594,422.6089157,1808000
2012/5/14,416.9615479,420.2558264,416.9615479,419.314604,2260000
2012/5/15,414.1379089,418.3734103,412.2554639,416.020354,5606000
2012/5/16,412.7260132,414.6084579,411.7847908,412.255402,3278000
2012/5/17,406.6080933,412.7260391,403.7844259,412.2554279,4580000
2012/5/18,400.0195313,404.2550322,399.0783088,402.8431985,4522000
2012/5/21,395.7840576,401.9020038,395.7840576,397.6665026,3314000
2012/5/22,398.6076965,402.3725862,396.7252517,399.548919,3632000
2012/5/23,393.9015808,399.5489153,392.9603584,399.5489153,4354000
2012/5/24,392.4897156,396.7252161,391.5484932,392.4897156,2672000
2012/5/25,396.2546387,397.1958611,390.6073042,392.9603602,3122000
2012/5/28,397.1958618,398.1370842,395.7840282,398.1370842,2276000
2012/5/29,393.4309692,396.7252477,392.4897468,396.7252477,2174000
2012/5/30,398.6076965,398.6076965,392.960362,393.4309732,3528000
2012/5/31,402.3725891,402.3725891,395.7840321,396.2546433,3246000
2012/6/1,400.0195313,402.8431985,398.1370864,401.4313649,4574000
2012/6/4,394.8427734,397.6664405,391.5484952,397.1958293,4704000
2012/6/5,397.1958618,398.1370842,393.9015833,394.8428058,2986000
2012/6/6,398.6076965,399.548919,397.1958629,399.548919,2668000
2012/6/7,407.5492249,407.5492249,399.0782248,400.019447,3028000
2012/6/8,404.725647,408.0199255,401.4313685,408.0199255,4826000
2012/6/11,403.3137817,409.4317271,403.3137817,408.0198935,2434000
2012/6/12,401.4313965,402.372619,396.725284,401.9020077,2464000
2012/6/13,404.2550659,406.1375109,400.4901759,400.9607872,1888000
2012/6/14,402.3725891,405.1962564,401.9019779,402.8432003,1592000
2012/6/15,403.7843933,404.7256157,401.4313374,403.7843933,1720000
2012/6/18,405.1962585,406.6080922,403.3138137,406.137481,1790000
2012/6/19,406.6080933,408.0199269,404.7256484,405.6668708,2214000
2012/6/20,413.1966248,413.6672359,407.5492905,408.0199017,2306000
2012/6/21,415.079071,416.0202934,412.7260151,414.1378487,2698000
2012/6/22,409.9024048,414.1379061,409.9024048,413.1966836,2348000
2012/6/25,411.7846985,412.7259207,408.4904209,408.4904209,1462000
2012/6/26,415.5496521,415.5496521,411.3141517,411.7847628,3148000
2012/6/27,423.0794678,423.0794678,415.0790774,416.490911,2682000
2012/6/28,426.3737183,426.3737183,421.6676066,423.0794401,2722000
2012/6/29,429.1974182,430.6092518,424.4913062,426.8443622,4404000
2012/7/2,424.4912415,428.7267416,422.1381858,428.2561305,3646000
2012/7/3,431.5505371,432.0211484,425.9032018,425.9032018,3474000
2012/7/4,428.256134,430.6091897,428.256134,428.256134,1762000
2012/7/5,424.4912415,427.7855194,424.0206303,426.373686,1660000
2012/7/6,426.8443909,428.7268358,424.0207235,424.4913347,2530000
2012/7/9,428.5286865,429.6680459,424.4913225,425.4325449,2256000
2012/7/10,429.8153381,431.5504007,427.7855117,430.6091784,2918000
2012/7/11,431.1385498,432.0211182,428.2562283,428.7268395,2272000
2012/7/12,435.1448669,436.7272629,431.5505389,432.0211501,3876000
2012/7/13,434.301239,437.1978941,433.4330037,435.3154489,3656000
2012/7/17,433.9034729,437.668362,432.9622506,433.4328618,2662000
2012/7/18,441.197998,442.8451372,436.2565805,437.1978029,4628000
2012/7/19,442.6569214,446.6100673,442.3745661,444.7276223,3850000
2012/7/20,444.7276611,446.139495,440.0215483,442.3746047,4970000
2012/7/23,451.2279358,453.1986203,446.1394518,446.610063,7166000
2012/7/24,443.8804626,450.3748911,442.8451123,448.4924464,4464000
2012/7/25,447.0987854,448.4925231,443.3157994,443.3157994,3468000
2012/7/26,445.9511108,448.9630337,444.2569222,447.5512002,2748000
2012/7/27,446.1394043,448.4924602,443.3157372,447.0806267,2922000
2012/7/30,442.7040405,444.7276633,441.4333843,443.3158295,3224000
2012/7/31,457.7931824,459.3164642,447.0805748,447.0805748,8478000
2012/8/1,457.4341431,463.5520894,453.669253,454.1398643,4508000
2012/8/2,456.9635925,459.3166491,456.0223699,457.4342039,2526000
2012/8/3,467.316864,468.7286974,458.3752523,458.8458635,5124000
2012/8/6,468.8870544,470.1406198,464.9638963,469.1993974,3540000
2012/8/7,467.7875977,469.6700427,467.3169864,469.1994315,2650000
2012/8/8,463.0813904,470.1405579,461.6695569,468.7287244,4754000
2012/8/9,463.767395,464.9637709,457.9046044,464.0225487,4368000
2012/8/10,465.9992371,466.3757203,463.552053,465.4344979,1686000
2012/8/13,465.9796143,466.3756871,462.6107976,465.4344647,1304000
2012/8/14,469.6699829,470.6112053,466.8463157,467.7875381,3806000
2012/8/15,467.6463623,470.6112072,467.3169287,470.140596,3016000
2012/8/16,468.7287598,471.552427,466.8463149,469.199371,4258000
2012/8/17,463.2226563,468.2582025,463.0814786,467.7875912,3226000
2012/8/20,468.6346741,469.6700246,463.5520783,464.0226896,2836000
2012/8/21,470.140564,470.6111751,469.1993416,470.140564,2726000
2012/8/22,468.5404358,471.0817474,467.7874695,469.669914,3522000
2012/8/23,473.4348145,474.3760367,470.1405364,470.1405364,3266000
2012/8/24,472.9171753,475.3172808,472.0230026,473.4348361,2908000
2012/8/27,473.9055176,476.2585738,473.4349063,473.9055176,2124000
2012/8/28,480.0234375,481.9058824,475.3173254,475.3173254,5374000
2012/8/29,481.4353027,484.2589702,479.0822465,481.4353027,4036000
2012/8/30,491.7887268,492.7299493,480.9646687,481.4352799,5636000
2012/8/31,496.9654541,499.3185102,490.3768969,490.8475082,7890000
2012/9/3,494.1417847,496.965452,493.6711734,496.0242296,3922000
2012/9/4,482.8470764,492.2593001,479.0821869,491.7886889,5426000
2012/9/5,487.0826721,490.3769511,482.8471706,482.8471706,4852000
2012/9/6,486.6119995,488.4944444,482.8471098,485.6707771,3156000
2012/9/7,485.6707153,492.7298827,483.3176595,490.3768269,4438000
2012/9/10,486.1413879,486.1413879,481.4352758,486.1413879,2608000
2012/9/11,490.3769226,491.7887564,485.2001989,486.6120326,3182000
2012/9/12,491.3181458,494.1418133,489.906312,490.8475345,2928000
2012/9/13,492.2594299,496.0243204,490.847596,492.7300412,2714000
2012/9/14,478.1409607,492.2592961,474.8466824,491.788685,10530000
2012/9/18,464.0227356,474.8467954,457.4341775,474.8467954,11804000
2012/9/19,467.316864,470.1405309,459.7870857,462.1401415,7584000
2012/9/20,475.7878418,476.2584529,467.7874528,470.6111195,6370000
2012/9/21,479.5528259,481.4352708,473.9054914,477.6703811,6572000
2012/9/24,484.7295227,486.1413563,479.5527996,480.0234108,6978000
2012/9/25,485.6707153,488.9649934,483.3176595,484.729493,19358000
2012/9/26,486.6174011,487.5641276,478.5702262,483.7772217,9066000
2012/9/27,488.9843445,490.4044345,482.8306209,486.6175277,4456000
2012/9/28,486.6174011,490.404307,482.357132,489.4575805,5480000
2012/10/1,488.5108948,488.5108948,481.4104457,486.1440784,3954000
2012/10/2,484.7240601,489.4576935,484.2506967,485.6707867,4130000
2012/10/3,487.564209,488.9842989,484.2506658,484.2506658,4026000
2012/10/4,488.9843445,491.8245246,488.0376178,488.5109811,3496000
2012/10/5,487.564209,488.9842989,485.6707557,488.9842989,2718000
2012/10/9,494.6646729,497.0314895,488.5109496,489.4576763,6350000
2012/10/10,493.717926,496.0847425,490.4043829,495.1380159,3910000
2012/10/11,489.9310913,493.7179983,488.5110012,493.7179983,3268000
2012/10/12,490.8776855,492.7711385,488.5108693,488.5108693,3700000
2012/10/15,485.6707458,492.2978321,483.7772926,488.9842889,4662000
2012/10/16,492.2978516,492.7712149,486.1441284,486.6174917,3224000
2012/10/17,495.6114502,496.0848136,491.3511798,492.77127,3286000
2012/10/18,495.6114502,497.0315403,493.2446333,496.0848136,4472000
2012/10/19,494.1913452,497.0315254,491.3511651,496.0847986,3542000
2012/10/22,501.291687,503.6585033,495.611328,496.5580545,8290000
2012/10/23,510.7589722,510.7589722,502.2384332,503.1851598,6606000
2012/10/24,513.5991211,516.9126638,508.3921254,509.3388519,6320000
2012/10/25,519.7529297,520.226293,511.2323899,513.5992065,4890000
2012/10/26,514.5460205,525.4333788,514.0726571,520.2263814,7734000
2012/10/29,525.4333496,527.3268031,515.4927187,516.9128088,6882000
2012/10/30,511.2323303,529.6934978,510.7589671,528.7467713,9588000
2012/10/31,515.4926758,524.4865792,508.865589,515.0193124,9166000
2012/11/1,515.9661255,519.2796694,513.125945,515.9661255,3062000
2012/11/2,517.859436,520.2262525,512.1790766,519.2795259,4876000
2012/11/5,512.1791992,517.85956,510.759109,517.85956,2354000
2012/11/6,512.6525269,513.1258902,504.1319862,508.8656199,3534000
2012/11/7,506.9721375,512.6524975,505.0786841,512.6524975,4508000
2012/11/8,504.6051941,508.8654631,502.7117412,505.0785573,2958000
2012/11/9,507.4454346,507.9187978,499.8716221,500.8183487,3372000
2012/11/12,500.3450623,507.9188759,499.8716989,507.4455125,2332000
2012/11/13,505.5518799,505.5518799,498.4514321,498.4514321,2898000
2012/11/14,511.2323303,515.4925997,505.5519711,506.0253344,3482000
2012/11/15,507.4454346,511.2323408,503.6585283,511.2323408,4080000
2012/11/16,489.4577026,506.4987832,486.6175225,506.0254198,11100000
2012/11/19,497.9781799,498.4515432,491.3510939,491.3510939,5820000
2012/11/20,503.1852417,503.658605,496.0847914,500.8184249,3976000
2012/11/21,501.291687,504.1318665,497.504781,504.1318665,3780000
2012/11/22,491.8243713,500.8182723,488.9841921,500.8182723,5224000
2012/11/26,491.3511047,494.6646478,489.9310148,492.2978313,5274000
2012/11/27,497.5048523,498.9249423,493.7179457,494.6646724,4908000
2012/11/28,505.0786438,509.8122768,497.504831,497.9781943,6720000
2012/11/29,505.0786438,507.9188236,503.1851906,505.0786438,3808000
2012/11/30,502.2384338,506.02534,499.8716175,505.0786135,4420000
2012/12/3,502.2384338,507.4454299,500.818344,505.0786135,3086000
2012/12/4,505.5518799,507.4453326,498.9247953,501.7649744,4364000
2012/12/5,505.0786438,508.3921869,504.1319172,504.1319172,2808000
2012/12/6,503.6584778,507.4453836,501.7650249,505.5519307,3486000
2012/12/7,500.8184204,504.1319638,497.504877,502.2385104,3778000
2012/12/10,498.9249268,501.7651066,497.0314735,501.2917433,3784000
2012/12/11,496.0847168,500.3449863,495.1379902,499.3982598,3338000
2012/12/12,495.6114502,499.3983572,493.2446333,497.0315403,4136000
2012/12/13,487.564209,497.0314752,484.7240291,497.0314752,6986000
2012/12/14,489.4577026,492.2978827,485.6707958,487.5642492,5588000
2012/12/17,490.4043579,492.297811,487.5641782,489.9309946,3074000
2012/12/18,488.9843445,491.8245246,488.0376178,489.4577078,3804000
2012/12/19,498.4515686,498.9249319,488.9843023,488.9843023,5650000
2012/12/20,499.3982544,502.238434,498.4515278,500.8183442,4054000
2012/12/21,501.291687,506.0253196,498.9248707,499.8715972,4970000
2012/12/25,497.9781799,503.1851761,496.0847268,502.2384495,2798000
2012/12/26,495.6114502,501.2918107,493.7179967,501.2918107,2668000
2012/12/27,491.8243713,497.0313666,489.9309185,496.5580034,4402000
2012/12/28,495.6114502,496.0848136,490.4044531,495.1380868,3464000
2013/1/4,496.0847168,501.2917129,494.664627,500.8183496,3938000
2013/1/7,503.6584778,505.0785675,495.6113029,497.978119,5022000
2013/1/8,511.7058716,513.5993253,501.7652395,504.1320566,5538000
2013/1/9,513.5991211,516.9126638,504.6052194,512.1790314,7212000
2013/1/10,513.1256714,515.4924872,510.2854924,515.019124,3170000
2013/1/11,517.3861084,517.3861084,512.6524752,515.9660184,3482000
2013/1/15,522.119751,523.0664776,518.3328444,518.3328444,3728000
2013/1/16,520.2263184,524.9599518,519.2795917,522.5931351,3906000
2013/1/17,529.2200928,529.2200928,520.6995546,522.5930075,5798000
2013/1/18,539.1609497,539.6343131,527.8002273,531.1137714,7532000
2013/1/21,535.847229,546.2612211,534.9005025,539.6341352,4534000
2013/1/22,529.6936035,538.2141441,525.4333332,536.3206906,7010000
2013/1/23,536.3207397,540.5810104,526.8534716,528.7469252,4486000
2013/1/24,542.9476929,543.4210562,536.3206068,536.3206068,4320000
2013/1/25,552.8883057,552.8883057,542.9476769,543.4210402,4830000
2013/1/28,560.4621582,564.2490647,556.6752517,556.6752517,4544000
2013/1/29,556.2019043,562.8289908,554.308451,560.9355375,3966000
2013/1/30,569.4560547,571.8228712,559.5154253,562.3556051,5160000
2013/1/31,575.6098022,577.5032555,569.456079,572.296259,5558000
2013/2/1,587.4439087,593.5976322,580.3434585,580.3434585,6040000
2013/2/4,591.2307129,597.8577985,591.2307129,596.911072,5574000
2013/2/5,586.0237427,595.4910083,586.0237427,593.5975552,5206000
2013/2/6,592.651001,596.4379083,590.7575473,591.7042741,4926000
2013/2/7,591.2307129,596.4377088,590.2839864,594.0708925,5080000
2013/2/8,587.9172974,591.2308409,585.0771172,591.2308409,4732000
2013/2/12,593.1242065,595.491023,587.9172103,588.3905736,3250000
2013/2/13,588.8640747,592.6509819,585.5505309,591.2308917,2870000
2013/2/14,584.130249,586.9704285,580.8167063,586.9704285,3828000
2013/2/15,588.390625,589.810715,581.290175,582.710265,4666000
2013/2/18,591.2307129,591.2307129,585.0769905,588.3905333,3274000
2013/2/19,605.9049072,606.8516336,590.7572845,591.704011,6736000
2013/2/20,613.9523315,614.4256949,602.1182465,607.3252439,5702000
2013/2/21,614.8989258,620.1059221,613.0054726,614.8989258,5524000
2013/2/22,626.2596436,627.2063702,613.9521978,613.9521978,6964000
2013/2/25,632.8868408,636.6737479,627.6798436,633.3602042,4602000
2013/2/26,644.2474976,645.6675876,627.6797809,627.6797809,6934000
2013/2/27,635.2536011,653.241408,635.2536011,651.8213179,6884000
2013/2/28,648.0344849,648.5078483,635.7270366,637.6204902,6394000
2013/3/1,654.661438,655.1348013,648.5077151,650.8745316,5498000
2013/3/4,673.5960693,673.5960693,657.9750783,660.3418951,7164000
2013/3/5,675.9627686,681.1697647,669.8090459,673.1225889,6982000
2013/3/6,697.7375488,698.6842755,679.7497423,681.1698323,7228000
2013/3/7,723.2990723,724.2457988,708.1514477,709.5715375,13392000
2013/3/8,706.2581177,722.3524716,704.3646643,719.5122915,15550000
2013/3/11,707.6781006,717.1453661,702.9444678,710.044917,8022000
2013/3/12,706.2581177,712.4118412,703.8913009,710.0450245,6478000
2013/3/13,693.4772339,703.8912265,691.1104174,703.8912265,8660000
2013/3/14,706.2581177,707.2048444,687.3235837,689.6904004,6582000
2013/3/15,716.671936,716.671936,707.6780346,709.0981243,7562000
2013/3/18,710.9917603,719.0389373,710.0450335,712.4118503,5652000
2013/3/19,731.3463745,732.7664646,714.7786573,715.725384,9234000
2013/3/21,742.7070313,748.8607543,728.0327687,733.7131284,9806000
2013/3/22,734.1865845,747.4407588,734.1865845,743.6538518,8348000
2013/3/25,737.4998779,742.23351,734.6596987,737.9732411,6216000
2013/3/26,734.6599121,739.8669089,734.1865488,735.6066388,13080000
2013/3/27,735.6100464,737.0356473,725.15564,735.1348461,9394000
2013/3/28,731.8085938,735.1349964,727.0565899,732.2837941,4768000
2013/3/29,728.006958,731.8085609,707.098142,728.9573587,8332000
2013/4/1,688.09021,722.7798407,687.6150095,716.1270348,8576000
2013/4/2,699.9701538,704.2469572,634.3925019,660.5285226,14762000
2013/4/3,715.6518555,717.5526572,697.1190385,698.0694394,8014000
2013/4/4,728.9572754,731.3332769,704.2468593,711.8500642,10568000
2013/4/5,737.5111084,747.0151175,734.1847052,736.5607075,13858000
2013/4/8,746.0645752,749.8661781,736.5605679,742.2629723,8424000
2013/4/9,743.213562,748.4407674,737.5111562,748.4407674,5708000
2013/4/10,745.5895386,747.4903405,739.8871329,742.2631353,7716000
2013/4/11,743.6887207,750.8167276,736.5607138,747.4903244,7112000
2013/4/12,737.9862671,745.1142735,734.1846637,741.7878705,7366000
2013/4/15,743.6887207,744.6391216,734.659912,737.9863152,7292000
2013/4/16,747.9655151,750.3415174,734.184702,737.9863056,8786000
2013/4/17,761.7463379,765.5479416,749.8663264,750.8167273,15096000
2013/4/18,760.3207397,771.2503504,757.469537,762.6967421,8996000
2013/4/19,759.3703613,767.9239699,751.2919532,766.023168,8064000
2013/4/22,769.3495483,774.101553,765.0727442,769.3495483,9360000
2013/4/23,766.0230713,766.9734721,761.2710671,765.0726705,6586000
2013/4/24,766.0230713,766.0230713,757.9446642,765.5478709,8132000
2013/4/25,766.0230713,767.923873,762.221468,764.59747,5678000
2013/4/26,766.4983521,770.7751562,763.1719488,767.9239534,7614000
2013/4/30,748.9159546,764.1223699,741.7879474,762.221568,10626000
2013/5/1,741.3126221,748.4406281,733.2342153,741.7878225,9046000
2013/5/2,750.3415527,752.2423546,736.5607389,737.0359394,9088000
2013/5/7,756.0439453,761.2711505,751.2919406,758.8951481,5994000
2013/5/8,753.192627,756.9942301,750.816625,756.5190297,6508000
2013/5/9,738.4614258,752.2422375,737.9862254,751.2918367,5402000
2013/5/10,741.3126221,746.5398265,738.9366201,746.0646261,4540000
2013/5/13,742.7380981,748.440502,734.6596927,746.0645004,5920000
2013/5/14,739.4119263,744.6391314,737.9863249,742.7383295,3776000
2013/5/15,733.234314,738.9367195,731.8087126,737.0359177,8126000
2013/5/16,726.1062012,730.3830047,711.8501894,729.4326039,8560000
2013/5/17,737.0359497,739.8871526,715.651928,718.0279304,6202000
2013/5/20,730.8582764,738.4614834,729.9078755,736.5606816,3984000
2013/5/21,725.6311035,730.8583086,721.8294998,729.4327072,4576000
2013/5/22,720.4038696,727.5318763,714.2262639,718.9782683,6088000
2013/5/23,692.8421631,726.5813905,692.3669627,718.0277836,12234000
2013/5/24,674.3093872,702.821412,641.5205587,690.9414017,12628000
2013/5/27,679.0614624,690.4662735,643.8966281,663.8550476,10188000
2013/5/28,674.7846069,687.6150185,666.7061997,677.1606091,8582000
2013/5/29,694.743042,700.9206477,675.259824,681.9126301,15054000
2013/5/30,662.904541,686.18936,661.0037395,683.3381577,16088000
2013/5/31,654.8261719,679.5365935,651.9749694,672.4085872,14182000
2013/6/3,645.3220825,665.2804974,642.4708804,648.648485,10402000
2013/6/4,661.4790039,662.4294048,629.6405748,642.4709866,12238000
2013/6/5,666.2310181,700.4454498,661.9542141,661.9542141,11518000
2013/6/6,640.0949707,679.0614054,637.2437682,665.2805932,14016000
2013/6/7,631.065979,641.5203853,619.1859719,629.6403781,9444000
2013/6/10,667.6567383,667.6567383,646.2727146,655.3015246,8104000
2013/6/11,673.8342285,688.0902418,661.9542174,670.9830259,10334000
2013/6/12,667.1813354,668.6069366,651.4997229,665.2805339,5166000
2013/6/13,640.0949707,667.1813949,640.0949707,667.1813949,6960000
2013/6/14,648.1734619,659.1030731,641.5206551,648.1734619,6738000
2013/6/17,680.9620361,680.9620361,648.6484154,651.4996173,7124000
2013/6/18,666.7061157,680.9621268,666.2309154,680.9621268,4518000
2013/6/19,674.7846069,679.5366112,669.0822018,677.1606091,3326000
2013/6/20,680.9620361,683.813238,669.5572288,672.883631,5036000
2013/6/21,696.168457,698.5444586,665.2804368,666.7060377,7990000
2013/6/24,708.048584,714.2261891,702.3461793,702.8213797,7528000
2013/6/25,712.3253784,719.9285846,705.1973726,710.8997773,7642000
2013/6/26,704.72229,717.0775021,699.9702854,712.8006979,6284000
2013/6/27,710.4246216,712.8006237,699.495012,709.9494212,3302000
2013/6/28,728.9572754,729.907676,710.8996636,711.3748639,7780000
2013/7/1,741.7878418,741.7878418,727.0566291,732.759034,5448000
2013/7/2,750.8168335,750.8168335,743.2136251,746.5400287,5518000
2013/7/3,747.9655151,752.2423192,745.1143124,749.866317,4084000
2013/7/4,748.4406738,751.2918764,744.16387,746.5398721,3486000
2013/7/5,755.5686035,756.0438039,752.7174012,753.1926016,4322000
2013/7/8,753.192627,759.8454325,753.192627,758.4198313,3744000
2013/7/9,756.5189819,758.8949838,750.8165775,756.5189819,4404000
2013/7/10,759.3703613,760.3207623,756.5191585,758.4199604,4244000
2013/7/11,759.84552,759.84552,754.1431146,756.9943173,3066000
2013/7/12,757.9447632,761.2711665,754.1431594,757.4695627,5738000
2013/7/16,758.4199219,760.3207237,755.5687192,758.4199219,5490000
2013/7/17,758.4199219,758.8951223,753.6679174,756.0439196,2890000
2013/7/18,757.9447632,757.9447632,752.2423574,756.0439613,15304000
2013/7/19,748.4406738,759.3702837,736.5606631,758.8950832,6786000
2013/7/22,752.7175293,756.0439325,744.6391215,754.6183311,4616000
2013/7/23,757.9447632,758.8951641,748.9159541,752.7175579,3390000
2013/7/24,762.2214966,762.2214966,756.9942918,757.9446927,4792000
2013/7/25,754.6182861,762.221493,753.1926848,762.221493,4048000
2013/7/26,755.0933838,758.8949867,748.4405786,751.7669812,4460000
2013/7/29,732.7589722,749.8661855,732.2837718,747.0149833,4734000
2013/7/30,728.9572754,731.8084773,716.6020673,727.0564742,6012000
2013/7/31,757.9447632,762.2215675,735.6103407,738.936744,11452000
2013/8/1,778.8533325,788.8325393,758.4197185,760.3205198,13330000
2013/8/2,789.7832031,789.7832031,776.4775896,783.6055968,7264000
2013/8/5,791.2084961,795.9604991,788.8324946,789.7828952,4048000
2013/8/6,797.8615112,798.3367117,782.6550977,791.6839057,5118000
2013/8/7,777.4279175,793.109532,777.4279175,789.3079284,5250000
2013/8/8,767.4486084,788.8326254,766.4982076,777.9030167,4380000
2013/8/9,766.9736938,774.5769027,760.7960866,770.3000977,3166000
2013/8/12,761.2710571,767.9238629,760.7958567,766.9734621,2720000
2013/8/13,766.9736938,766.9736938,748.4408722,762.6968889,4106000
2013/8/14,773.1508789,775.0516801,760.320471,769.8244768,2810000
2013/8/15,758.4199219,769.3495323,758.4199219,768.3991314,3208000
2013/8/16,759.84552,764.1223241,748.4407092,754.6183151,2592000
2013/8/19,767.9238892,773.6262943,760.3206823,760.3206823,4082000
2013/8/20,763.6470337,778.3782459,762.2214325,767.4486368,4372000
2013/8/21,749.866272,766.4982869,746.0646686,763.6470843,6056000
2013/8/22,758.4199219,764.5975278,746.0647101,750.3415142,5190000
2013/8/23,759.3703613,767.4487694,758.4199604,767.4487694,4368000
2013/8/26,763.6470337,767.9238372,756.9942282,760.3206309,3336000
2013/8/27,754.6182861,761.7462926,753.1926848,760.3206913,2502000
2013/8/28,747.9655151,750.8167179,743.2135106,749.866317,3960000
2013/8/29,753.192627,754.1430277,748.440623,750.816625,2218000
2013/8/30,753.192627,757.4694305,747.0150218,756.9942301,4594000
2013/9/2,762.2214966,762.696697,752.2422875,753.1926883,2996000
2013/9/3,773.6263428,773.6263428,763.6471332,765.0727346,5326000
2013/9/4,775.0518799,775.5270803,767.4486732,769.8246753,3212000
2013/9/5,772.2006226,778.3782275,769.8246206,776.477426,3504000
2013/9/6,763.1717529,774.1013608,758.8949498,772.6757598,4142000
2013/9/9,781.7047729,793.5847847,774.5767659,793.1095842,5954000
2013/9/10,785.5064087,791.2088146,781.7048048,785.0312082,4416000
2013/9/11,781.2293701,791.2085774,779.3285687,788.8325757,3800000
2013/9/12,773.1508789,780.2788833,772.6756786,779.803683,3304000
2013/9/13,776.9526367,781.2294402,770.7750317,770.7750317,4896000
2013/9/17,771.2501831,781.2293907,770.2997824,778.8533889,3508000
2013/9/18,771.7255249,776.0023289,768.3991218,776.0023289,3780000
2013/9/19,777.4279175,777.9031179,772.6759131,776.0023162,3398000
2013/9/20,779.3286743,779.8038747,776.4774718,779.3286743,3036000
2013/9/24,779.3286743,782.1798768,776.0022714,778.3782735,4968000
2013/9/25,782.1798096,782.6550099,779.3286073,779.8038077,12724000
2013/9/26,781.2260132,781.7029521,772.6411119,776.9335626,6160000
2013/9/27,778.8414307,780.7491868,775.0259185,778.3644916,2856000
2013/9/30,773.5949097,777.4104209,769.3024595,774.0718486,3832000
2013/10/1,773.118103,777.4105539,769.7795301,772.641164,3878000
2013/10/2,774.0719604,783.133801,771.6872656,776.4566553,6658000
2013/10/3,779.3184814,782.180116,775.9799078,777.8876642,5484000
2013/10/4,776.9335327,782.1798611,773.1180212,779.3182274,4294000
2013/10/7,778.364502,782.1800142,774.5489897,775.5028678,5308000
2013/10/8,772.1641846,777.4105132,771.6872456,775.0258184,6174000
2013/10/9,773.118103,773.118103,764.5332012,772.164225,4886000
2013/10/10,770.2563477,772.1641033,766.4408363,772.1641033,5570000
2013/10/11,783.6109009,783.6109009,771.687424,776.9337538,6736000
2013/10/15,781.2260132,787.9031586,777.4105015,786.4723417,5662000
2013/10/16,778.8414307,781.2261258,775.9797965,779.3183697,2118000
2013/10/17,776.456665,781.7029939,774.0719701,781.7029939,3826000
2013/10/18,768.3485107,776.4564714,767.8715719,773.5948383,5844000
2013/10/21,765.0100098,776.4565436,763.1022541,774.071849,5960000
2013/10/22,754.517395,763.1022958,753.5635171,763.1022958,8068000
2013/10/23,734.9628296,754.994263,734.9628296,754.0403852,11308000
2013/10/24,747.8401489,748.3170878,735.9166772,736.8705549,6232000
2013/10/25,725.9011841,748.3173179,722.562611,748.3173179,10794000
2013/10/28,727.8088379,732.1012884,723.5163873,729.2396547,5132000
2013/10/29,742.1169434,742.1169434,727.8087761,727.8087761,6956000
2013/10/30,747.3633423,747.8402812,736.8706853,744.0247696,15358000
2013/10/31,749.7478638,754.0403134,744.0245976,744.0245976,6764000
2013/11/1,737.3475952,749.2710686,735.4398395,749.2710686,4204000
2013/11/5,734.0089722,741.6399946,732.1012166,741.1630557,3756000
2013/11/6,734.0089722,737.3475445,727.3318275,729.2395831,4228000
2013/11/7,735.916748,738.7783815,730.67042,734.9628702,3626000
2013/11/8,728.2857056,734.0089724,724.9471332,734.0089724,2788000
2013/11/11,724.9471436,735.4397996,722.562449,729.2395937,3976000
2013/11/12,732.5782471,734.009064,723.9933457,727.3319185,3934000
2013/11/13,722.0854492,729.7164711,720.1776937,729.7164711,5012000
2013/11/14,722.0854492,726.377899,716.3621828,723.5162658,6948000
2013/11/15,724.4702148,734.4859321,723.516337,727.3318483,7092000
2013/11/18,720.6547241,729.2396249,718.7469684,728.7626859,6072000
2013/11/19,716.3621826,721.6085102,716.3621826,718.746877,4938000
2013/11/20,717.3161011,720.1777345,715.4083455,716.8391622,3966000
2013/11/21,720.1779175,721.6087345,716.8393444,717.3162834,4062000
2013/11/22,719.7008057,723.9932558,717.79305,723.039378,4858000
2013/11/25,717.3161011,722.08549,715.4083455,720.6546734,3958000
2013/11/26,713.5006714,716.839244,713.0237324,715.4084272,5502000
2013/11/27,713.5006714,715.4084272,711.1159766,712.0698545,3642000
2013/11/28,711.5928345,714.4544679,710.6389567,714.4544679,3004000
2013/11/29,719.7008057,719.7008057,710.6389665,711.1159054,5780000
2013/12/2,717.7930298,723.5162965,716.3622131,720.1777242,3736000
2013/12/3,717.3161011,720.6546734,716.8391622,720.1777345,2482000
2013/12/4,714.9314575,721.6086026,714.4545186,716.3622743,4510000
2013/12/5,715.8853149,719.2238874,715.408376,715.8853149,3924000
2013/12/6,712.5467529,717.3161422,711.5928751,716.3622643,3124000
2013/12/9,716.3621826,716.3621826,712.5466717,713.9774883,4160000
2013/12/10,711.5928345,714.9314068,711.5928345,712.5467123,3744000
2013/12/11,709.6851807,713.9776314,709.6851807,713.9776314,3390000
2013/12/12,709.208313,712.0699471,705.8697399,709.208313,3434000
2013/12/13,703.9619141,709.2082427,702.5310972,705.8696699,7734000
2013/12/16,691.5614624,703.4849359,690.6075845,702.531058,4556000
2013/12/17,682.0227051,689.6537284,670.5761702,687.7459725,7792000
2013/12/18,690.1307983,690.6077374,672.9609927,673.9148708,7554000
2013/12/19,690.1307983,698.7157012,685.8383469,692.0385545,6564000
2013/12/20,693.9462891,695.3771062,690.1307768,692.0385329,5508000
2013/12/24,689.6537476,693.9461983,688.2229307,691.5615034,6262000
2013/12/25,700.1464233,703.4849962,686.7921319,686.7921319,9750000
2013/12/26,716.8391724,719.7008058,705.8695776,707.7773332,6750000
2013/12/27,721.1318359,721.1318359,715.4085674,719.7010188,4596000
2013/12/30,723.5164795,727.3319916,720.1779064,725.4242355,4916000
2014/1/6,721.6084595,722.5623371,715.4082546,721.6084595,4388000
2014/1/7,713.5006714,721.6086336,712.0698545,720.1778167,5172000
2014/1/8,714.9314575,718.746969,709.6851293,718.746969,3828000
2014/1/9,718.2701416,718.2701416,714.9315686,716.8393246,4974000
2014/1/10,720.1779175,720.6548565,715.4085273,719.7009785,5308000
2014/1/14,716.6008301,725.4242014,714.6930741,720.1778725,7634000
2014/1/15,728.7626343,728.7626343,720.4162036,722.8008981,9788000
2014/1/16,732.1013184,735.2014217,727.8088676,730.6705015,6408000
2014/1/17,741.4016724,751.6558608,738.5400384,743.7863674,10732000
2014/1/20,745.6940918,749.2711341,741.1631715,745.4556223,7896000
2014/1/21,740.4477539,748.3172469,740.2092844,748.3172469,3370000
2014/1/22,745.4555664,746.6479138,739.4938296,745.4555664,4082000
2014/1/23,744.7402344,748.3172768,744.7402344,747.8403378,4348000
2014/1/24,738.7785034,742.5940154,736.1553389,740.2093204,4980000
2014/1/27,722.8010864,732.3398668,720.1779218,731.3859888,6704000
2014/1/28,717.3161011,729.9549818,717.0776316,722.8008984,5994000
2014/1/29,738.3013306,739.0167388,720.6545933,723.0392876,5024000
2014/1/30,727.0933228,730.9088338,718.5084229,730.9088338,6678000
2014/1/31,743.786377,743.786377,720.6548353,728.0473898,10650000
2014/2/3,736.1552734,755.471301,736.1552734,743.3093577,9396000
2014/2/4,710.1619263,719.700703,707.3002933,717.7929476,11318000
2014/2/5,714.2161865,718.9855768,703.4850585,715.8854731,9346000
2014/2/6,710.8776855,717.7933021,708.0160511,717.316363,4048000
2014/2/7,728.524353,730.4321091,710.8776093,717.0778165,6356000
2014/2/10,736.3937378,738.3014936,730.6704704,736.6322073,3374000
2014/2/12,739.2553711,744.740169,737.1091458,740.6861879,5098000
2014/2/13,728.524353,744.9787492,727.570475,743.3094626,3794000
2014/2/14,721.8470459,733.0551104,715.8853095,727.0933739,3764000
2014/2/17,720.8933105,724.2318836,716.1239205,718.747085,2780000
2014/2/18,728.7626343,730.6703899,713.5005896,720.8931425,6316000
2014/2/19,726.1395874,727.0934653,719.2239723,722.8010146,3010000
2014/2/20,728.0474854,729.9552416,721.608808,726.3781986,4052000
2014/2/21,737.3475952,738.778412,728.047286,730.1935112,4498000
2014/2/24,739.4937744,742.3554079,730.4319352,737.5860188,3624000
2014/2/25,746.4095459,746.4095459,740.6862778,741.8786253,4022000
2014/2/26,739.0169067,748.7941553,738.3014983,744.0247657,3354000
2014/2/27,733.7706299,740.2093062,731.385935,736.8707333,3466000
2014/2/28,728.2857056,738.0629531,722.3239693,736.6321364,5046000
2014/3/3,725.9011841,726.3781231,715.6469952,721.1317939,4036000
2014/3/4,732.5782471,734.9629419,717.5546697,720.177834,4428000
2014/3/5,732.5782471,737.5861062,729.9550828,735.4398808,4916000
2014/3/6,735.2012939,736.87058,730.908844,732.5781301,2890000
2014/3/7,741.6401978,744.0248929,737.1092769,738.3016245,3740000
2014/3/10,741.4016724,743.3094284,736.8707519,742.3555504,2474000
2014/3/11,742.1169434,744.024699,739.0168404,741.8784739,2574000
2014/3/12,733.0551758,739.0169127,732.1012979,734.4859927,3478000
2014/3/13,730.4320679,737.3476833,729.2397204,734.7245188,3192000
2014/3/14,714.2161865,724.9473145,713.500778,724.9473145,9218000
2014/3/17,707.300415,715.6468461,704.677251,714.9314377,4742000
2014/3/18,715.6469116,719.2239538,713.0237473,717.316198,3158000
2014/3/19,712.0698853,719.7009088,709.2082514,719.7009088,3102000
2014/3/20,708.9697266,713.7391159,705.8696235,712.0698296,5396000
2014/3/24,726.1395874,731.8628551,714.9315215,715.4084605,6340000
2014/3/25,732.3397827,740.6862146,729.7166184,730.9089658,8482000
2014/3/26,736.6323242,739.2554889,732.816812,732.816812,17486000
2014/3/27,738.0686035,738.5474025,727.0562273,732.5624154,8336000
2014/3/28,745.968689,746.2080884,728.971328,729.6895263,6070000
2014/3/31,751.7142944,752.1930933,742.1383162,745.4899086,6434000
2014/4/1,748.3625488,751.4747411,742.616963,751.4747411,4974000
2014/4/2,747.6446533,753.8690404,747.4052538,751.4750454,5244000
2014/4/3,749.7993164,752.9115102,744.2931273,747.1659216,4560000
2014/4/4,751.4749756,752.9113725,749.5597797,751.4749756,3104000
2014/4/7,750.5175171,753.6297109,746.9265242,747.6447228,3366000
2014/4/8,745.7294312,750.5174211,741.1808407,746.9264286,4626000
2014/4/9,747.1658325,749.0810285,737.5898526,739.9838476,7676000
2014/4/10,743.3354492,753.6296277,743.0960497,751.7144317,3890000
2014/4/11,742.8566895,746.6870817,733.5201084,736.6323021,4536000
2014/4/14,734.9563599,746.4475342,733.998762,739.9837486,3276000
2014/4/15,732.322998,739.9837813,729.6896038,739.5049823,2680000
2014/4/16,739.026001,742.6169922,732.5622167,732.5622167,3218000
2014/4/17,746.208252,750.517443,741.1808624,741.1808624,3240000
2014/4/18,754.1083984,754.1083984,748.1234111,750.5174061,3744000
2014/4/21,759.8538818,763.4448737,755.3052921,755.784091,4744000
2014/4/22,754.1083984,763.2055791,751.2356045,760.3327852,4462000
2014/4/23,755.7841797,758.6569735,750.517391,755.0659812,4382000
2014/4/24,742.6172485,755.784221,740.941452,754.347824,5124000
2014/4/25,749.0808716,750.2778688,742.6170865,743.5746843,3424000
2014/4/28,756.0235596,756.0235596,742.6171887,747.4051783,3856000
2014/4/30,732.8018188,758.4175636,732.8018188,756.5023677,12122000
2014/5/1,740.2232056,742.3778009,735.1958164,741.899002,8990000
2014/5/2,737.3504028,741.898993,734.2382096,741.6595935,6732000
2014/5/7,733.9987183,740.7019029,724.9015391,735.9139139,7988000
2014/5/8,737.8291016,739.0260988,727.7743247,733.0411126,6552000
2014/5/9,746.4475098,747.8839065,736.1533331,737.8291293,4420000
2014/5/12,740.4625854,753.1507578,740.4625854,745.729374,4686000
2014/5/13,750.9962769,751.7144754,746.4476861,749.3204803,4058000
2014/5/14,751.9537964,752.6719949,746.6870076,747.1658066,3056000
2014/5/15,751.9537964,751.9537964,743.5748143,744.7718117,2948000
2014/5/16,746.4475098,747.8839065,741.6595206,745.4899119,2998000
2014/5/19,755.5447388,757.4599346,745.9687598,745.9687598,5036000
2014/5/20,762.2478027,764.4023977,755.5446185,756.5022163,4950000
2014/5/21,766.0783081,766.0783081,759.6145224,759.8539219,4692000
2014/5/22,768.4723511,768.4723511,760.0933691,766.0783562,4668000
2014/5/23,770.866333,774.2179258,767.5147403,768.4723382,3216000
2014/5/26,799.1154785,799.5942775,777.3301254,777.8089244,9696000
2014/5/27,803.9033203,812.5217002,798.1577337,798.8759321,6572000
2014/5/28,806.2974243,809.170218,795.524448,804.3822285,4764000
2014/5/29,804.3822632,807.0156575,801.9882684,801.9882684,2912000
2014/5/30,811.564209,813.9582037,803.6640264,804.3822248,10320000
2014/6/2,826.1674194,829.279612,813.9580487,813.9580487,6060000
2014/6/3,826.6463623,832.3919495,817.5491825,828.8009575,5788000
2014/6/4,829.2797852,829.2797852,821.6190019,824.2523962,5384000
2014/6/5,831.1949463,835.2647372,828.8009516,829.0403511,3642000
2014/6/6,830.2373047,833.8282965,828.5615085,829.7585058,2814000
2014/6/9,823.5341797,831.6737617,822.0977829,831.4343622,3260000
2014/6/10,816.1126709,824.97045,813.2398777,821.140059,4582000
2014/6/11,822.0977783,823.0553762,814.6763948,814.6763948,3110000
2014/6/12,820.4219971,821.6189944,814.9158092,818.7462008,2698000
2014/6/13,821.3797607,824.4919545,814.4371746,820.4221627,4460000
2014/6/16,817.0703125,821.1401031,815.6339158,818.7461086,3740000
2014/6/17,825.4494019,826.4069998,816.8310206,819.7038144,5622000
2014/6/18,834.307251,836.701246,824.9706705,828.082864,5192000
2014/6/19,831.1949463,834.3071393,825.6887586,833.3495415,5884000
2014/6/20,825.4494019,832.1525873,824.9706029,831.1949893,5114000
2014/6/23,819.9431152,828.322096,819.2249169,823.7735064,5014000
2014/6/24,830.2373047,833.1100981,821.1401255,822.5765222,4132000
2014/6/25,837.8981323,845.5589152,830.7161483,833.110143,7970000
2014/6/26,833.8282471,838.6162359,832.3918504,837.8980375,2908000
2014/6/27,828.8009033,833.8282918,824.7311126,833.1100935,3824000
2014/6/30,830.9556274,834.0678208,828.0828336,833.8284213,4240000
2014/7/1,842.4467163,844.1225126,829.2797457,833.3495366,4698000
2014/7/2,848.4316406,851.304434,844.36185,846.516445,2938000
2014/7/3,849.6287842,857.5289673,848.4317867,852.2621786,4476000
2014/7/4,852.0227661,856.8107558,849.6287713,855.6137584,2752000
2014/7/7,852.5015869,856.3319788,852.5015869,856.3319788,1752000
2014/7/8,854.1772461,860.4016319,847.4740614,853.2196483,4794000
2014/7/9,859.4441528,860.8805497,849.3893744,852.2621683,3658000
2014/7/10,863.513855,867.5836458,860.401662,861.5986593,5136000
2014/7/11,872.3717041,875.9626963,859.2047327,861.838127,6506000
2014/7/14,886.2568359,886.2568359,875.7232593,876.6808572,6546000
2014/7/15,897.0299683,902.536157,891.0449805,891.5237795,7256000
2014/7/16,904.4512329,908.0422251,897.2692485,898.2268464,5648000
2014/7/17,902.2965698,911.3937494,899.1843768,907.8027574,5670000
2014/7/18,903.4936523,907.0846446,894.8752709,898.2268637,4248000
2014/7/22,888.8901978,898.4661762,876.2020263,885.5386053,10174000
2014/7/23,889.6083984,894.1569882,881.4688168,890.5659963,5284000
2014/7/24,883.623291,892.9598687,882.6656933,891.5234722,5162000
2014/7/25,890.565979,891.0447779,881.7081991,883.6233948,3350000
2014/7/28,888.8901978,891.7629913,886.2568037,886.2568037,2336000
2014/7/29,898.2267456,900.1419412,889.6083653,889.6083653,3806000
2014/7/30,923.1242676,937.4882344,917.6180803,936.5306366,8390000
2014/7/31,928.8700562,944.6704231,926.7154607,927.1942597,6566000
2014/8/1,925.2788696,931.7426547,917.6180873,923.1242746,6052000
2014/8/4,927.4335327,932.9397204,922.8849429,924.0819402,3844000
2014/8/5,922.166748,930.5457294,921.6879491,927.6729358,4162000
2014/8/6,913.30896,919.2939466,905.6481771,919.2939466,4796000
2014/8/7,919.7728882,920.0122877,907.0847146,914.9848981,4296000
2014/8/8,906.8452148,921.6879824,901.5784264,919.7727865,5358000
2014/8/11,919.7728882,920.7304862,908.7605111,914.0273001,3514000
2014/8/12,934.8549805,935.3337794,923.1244058,923.1244058,6420000
2014/8/13,934.8549805,938.2065732,929.5881918,935.3337794,3322000
2014/8/14,958.555481,961.4282746,936.5307296,939.4035233,7922000
2014/8/15,949.6978149,965.9769809,944.9098249,957.5979984,6720000
2014/8/18,950.6551514,952.3309474,942.5155706,949.6975536,3058000
2014/8/19,947.06427,957.3584469,943.952077,957.3584469,3886000
2014/8/20,948.7401733,952.3311657,945.62798,945.62798,2098000
2014/8/21,948.7401733,951.1341682,944.1915831,946.8249774,2756000
2014/8/22,996.3805542,998.7745488,950.4158578,957.5978416,16440000
2014/8/25,986.0864258,1008.829376,984.17123,996.6200026,7660000
2014/8/26,979.1439209,984.8895087,976.749926,978.6651219,4132000
2014/8/27,977.4678955,988.719669,973.3981051,979.1436916,4562000
2014/8/28,972.4406738,976.7498644,968.3708827,972.4406738,4110000
2014/8/29,969.3283691,980.3407438,969.0889697,972.440562,3602000
2014/9/1,974.5952148,975.0740138,964.0616385,971.0042229,2972000
2014/9/2,985.3683472,990.1563372,976.2711661,981.2985556,3996000
2014/9/3,975.3135986,989.1987701,974.5954001,988.7199711,4280000
2014/9/4,973.3982544,976.749847,969.0890639,976.2710481,2686000
2014/9/5,968.6102905,979.6226665,963.1041025,979.1438676,3790000
2014/9/8,967.1740112,972.2014009,964.7800162,972.2014009,2392000
2014/9/9,946.1068115,965.4981708,945.388613,964.7799723,8500000
2014/9/10,946.1068115,949.9372035,934.8550352,942.7552186,6236000
2014/9/11,937.7277222,947.7824999,936.2913254,946.824902,3696000
2014/9/12,941.3186646,945.8672542,931.9820857,937.2488738,5802000
2014/9/16,940.6004639,941.7974611,934.1366785,938.4458688,2880000
2014/9/17,950.6551514,954.2461429,938.9245791,938.9245791,4226000
2014/9/18,957.8374023,959.9919979,953.2888118,955.2040078,3826000
2014/9/19,959.5130005,964.7797884,958.0766038,961.1887966,3794000
2014/9/22,964.3009033,964.3009033,956.1613227,960.231113,3224000
2014/9/24,959.9920654,962.8648596,956.6404722,962.3860606,5354000
2014/9/25,971.9619751,971.9619751,957.598005,957.598005,11448000
2014/9/26,990.2192993,1000.789326,971.2412972,973.1631202,10852000
2014/9/29,995.2640991,995.9847828,982.0515658,984.9343004,3592000
2014/9/30,996.2249146,998.3869652,985.8951168,995.504231,4352000
2014/10/1,1000.068542,1012.079935,996.9455804,996.9455804,6800000
2014/10/2,983.9732056,1002.230521,983.7329777,996.7052807,7048000
2014/10/3,1003.912292,1008.236394,983.9733788,983.9733788,5766000
2014/10/6,1016.644409,1021.689195,1007.035294,1008.957117,6540000
2014/10/7,1024.812012,1032.739531,1019.286771,1021.929278,6726000
2014/10/8,1017.845398,1021.689044,1009.197195,1009.197195,4748000
2014/10/9,1012.800842,1026.493833,1011.359475,1024.091554,5992000
2014/10/10,1008.476257,1014.241724,1002.230335,1007.995802,6084000
2014/10/14,989.7388916,996.7055003,982.532055,995.0239051,6832000
2014/10/15,1001.029663,1002.951486,985.6550774,998.6273841,4124000
2014/10/16,992.6216431,1000.308936,986.3757179,987.0964016,6036000
2014/10/17,952.2632446,990.6997025,952.0230168,988.0571961,8448000
2014/10/20,995.0236816,997.6661878,973.4031767,975.3249994,6026000
2014/10/21,992.6216431,1004.152582,989.9791363,999.8284798,4644000
2014/10/22,1014.482178,1015.202861,996.7053174,1001.029419,6054000
2014/10/23,1015.68335,1018.566084,1005.59378,1014.001755,3904000
2014/10/24,1031.057373,1032.498739,1012.800066,1025.772363,7474000
2014/10/27,1067.332275,1069.494326,1039.946302,1041.627897,8534000
2014/10/28,1063.248657,1073.098001,1058.444099,1062.287746,5144000
2014/10/29,1069.734375,1074.538931,1060.365491,1069.734375,4618000
2014/10/30,1085.829712,1093.517002,1066.851715,1071.416043,8328000
2014/10/31,1140.121216,1149.249873,1112.495017,1137.238482,12928000
2014/11/4,1158.378418,1201.138965,1158.378418,1201.138965,12126000
2014/11/5,1154.775146,1160.300386,1139.160338,1153.093552,8350000
2014/11/6,1132.434204,1157.898359,1131.71352,1156.69722,7058000
2014/11/7,1138.439697,1142.043115,1132.914457,1136.758102,3842000
2014/11/10,1138.680054,1145.166206,1133.875497,1138.680054,4382000
2014/11/11,1164.144165,1169.909633,1139.881152,1143.48457,7154000
2014/11/12,1157.898193,1185.284167,1155.736143,1178.077332,6564000
2014/11/13,1171.11084,1171.351068,1149.490332,1160.060358,4586000
2014/11/14,1179.278198,1185.283893,1164.384076,1185.283893,4588000
2014/11/17,1152.373047,1178.077428,1150.691452,1177.116517,6926000
2014/11/18,1182.161255,1182.401483,1168.468267,1168.708495,6334000
2014/11/19,1177.836914,1191.049443,1173.753041,1182.64147,4480000
2014/11/20,1195.373779,1197.776058,1180.239425,1189.127855,5200000
2014/11/21,1195.133545,1197.055368,1182.641697,1195.373773,4444000
2014/11/25,1197.535645,1200.898834,1189.127671,1199.217239,7606000
2014/11/26,1194.653198,1201.139351,1194.41297,1198.9773,5134000
2014/11/27,1204.021851,1211.468913,1197.295472,1197.775927,6166000
2014/11/28,1241.017212,1241.737896,1210.027816,1210.748499,7478000
2014/12/1,1258.313354,1276.330441,1249.665153,1250.385836,6726000
2014/12/2,1263.598389,1266.961578,1257.112237,1265.520211,5886000
2014/12/3,1258.793823,1280.414328,1251.106533,1278.01205,7396000
2014/12/4,1258.07312,1269.604056,1253.989247,1269.604056,4902000
2014/12/5,1261.676514,1263.117881,1250.145578,1253.989223,3050000
2014/12/8,1266.721436,1272.727132,1259.754828,1272.486904,4336000
2014/12/9,1265.039917,1265.039917,1256.391714,1257.112398,3506000
2014/12/10,1247.022705,1271.285717,1240.536553,1258.793869,6140000
2014/12/11,1245.340942,1247.022537,1218.1952,1224.441123,6126000
2014/12/12,1261.916992,1272.246791,1236.693066,1241.497623,7958000
2014/12/15,1264.559692,1271.045846,1250.146018,1252.308069,4176000
2014/12/16,1244.380249,1261.916882,1243.659565,1254.229591,6374000
2014/12/17,1235.251587,1251.827308,1235.251587,1243.659562,5732000
2014/12/18,1271.526123,1271.526123,1251.106754,1253.989488,8040000
2014/12/19,1295.308594,1295.789049,1274.168543,1281.375378,9140000
2014/12/22,1301.073975,1318.370379,1287.861443,1311.644,6978000
2014/12/24,1319.81189,1321.013029,1302.275256,1316.4487,5886000
2014/12/25,1340.95166,1341.432116,1318.850701,1322.934574,4882000
2014/12/26,1354.644775,1359.209104,1342.873611,1343.834523,4650000
2014/12/29,1352.002319,1369.058496,1332.543864,1364.734395,7690000
2014/12/30,1333.264648,1361.371309,1329.180775,1361.371309,5952000
2015/1/5,1332.303833,1341.192265,1322.694718,1335.667023,5122000
2015/1/6,1314.526611,1330.862103,1307.319777,1309.962283,6306000
2015/1/7,1314.76709,1329.420989,1307.800482,1311.644128,5394000
2015/1/8,1341.672363,1351.041248,1326.538011,1330.862111,6282000
2015/1/9,1345.035767,1357.047159,1338.309387,1353.924197,4652000
2015/1/13,1383.47229,1383.952746,1337.348539,1341.912869,9088000
2015/1/14,1437.283325,1439.445376,1383.712511,1383.952739,14388000
2015/1/15,1433.9198,1455.780531,1403.410868,1436.08185,14796000
2015/1/16,1441.607422,1449.054486,1412.53985,1426.953522,10692000
2015/1/19,1501.423828,1506.949068,1453.378266,1458.663278,12872000
2015/1/20,1528.329956,1555.956166,1507.1899,1517.5197,17022000
2015/1/21,1552.832764,1554.514359,1509.83198,1513.915853,11512000
2015/1/22,1470.674927,1552.832853,1460.345129,1544.905334,20224000
2015/1/23,1426.953491,1476.920886,1414.221415,1460.82562,20946000
2015/1/26,1416.383423,1426.953448,1385.874485,1403.170891,12274000
2015/1/27,1477.401367,1477.401367,1422.148958,1426.713288,15186000
2015/1/28,1510.072144,1513.915789,1447.853135,1451.937009,15528000
2015/1/29,1509.831787,1550.670515,1488.931968,1529.29024,14336000
2015/1/30,1370.019409,1481.725358,1366.896447,1458.663485,33008000
2015/2/2,1393.081421,1409.416916,1324.856706,1342.873796,20838000
2015/2/3,1338.549683,1407.735309,1331.342847,1391.399814,14834000
2015/2/4,1337.108154,1366.896406,1328.940408,1359.689571,15350000
2015/2/5,1325.33728,1342.393461,1299.632896,1330.141838,18272000
2015/2/6,1332.06311,1352.002017,1325.817188,1339.510172,9964000
2015/2/9,1317.890015,1354.885104,1308.761356,1353.683965,9012000
2015/2/10,1338.069092,1338.789775,1309.481978,1320.292231,8934000
2015/2/12,1377.947021,1377.947021,1345.996716,1359.689704,11652000
2015/2/13,1366.416138,1384.433228,1357.287479,1377.947076,8982000
2015/2/16,1348.639282,1378.667766,1335.666977,1374.343665,9562000
2015/2/17,1364.734375,1368.57802,1336.627717,1340.471363,6212000
2015/2/18,1396.924805,1401.008678,1366.656099,1381.309996,13268000
2015/2/19,1446.171509,1447.372648,1400.047766,1402.9305,17092000
2015/2/20,1427.914307,1464.428939,1406.053573,1462.987572,12748000
2015/2/23,1452.657837,1462.266951,1430.556874,1441.367128,10962000
2015/2/24,1434.640503,1442.568021,1425.271618,1436.562325,9900000
2015/2/25,1511.033081,1539.860421,1480.283918,1513.435359,35460000
2015/2/26,1518.720337,1523.765121,1499.021655,1511.033046,12440000
2015/2/27,1548.509033,1571.330684,1524.486243,1525.447155,21984000
2015/3/2,1612.168945,1627.783754,1561.480874,1570.609531,23332000
2015/3/3,1612.40918,1657.572011,1590.30822,1633.309001,25318000
2015/3/4,1620.577026,1629.945912,1581.419888,1604.241533,20802000
2015/3/5,1669.82373,1671.745553,1611.928821,1614.331099,25662000
2015/3/6,1715.227051,1716.668418,1660.695322,1669.583754,34048000
2015/3/9,1770.719482,1776.484951,1712.824571,1734.445077,35564000
2015/3/10,1710.182007,1790.418106,1663.818033,1777.68603,67880000
2015/3/11,1719.070557,1750.300178,1669.583618,1673.667491,31094000
2015/3/12,1709.461548,1729.160233,1692.645597,1712.58451,20904000
2015/3/13,1696.008545,1721.953152,1682.07533,1708.019937,25848000
2015/3/16,1703.455566,1716.668097,1681.594834,1682.555745,14314000
2015/3/17,1755.104492,1759.428593,1711.383028,1722.433508,18330000
2015/3/18,1788.496338,1793.300895,1739.970312,1751.261021,23438000
2015/3/19,1793.541138,1823.329391,1758.467871,1795.943416,23510000
2015/3/20,1784.652466,1801.468413,1763.752646,1801.468413,17610000
2015/3/23,1774.08252,1793.300746,1761.590672,1792.580062,20304000
2015/3/24,1745.495361,1770.238827,1726.277135,1768.076777,16890000
2015/3/25,1767.356201,1776.484859,1734.685215,1745.495468,17084000
2015/3/26,1729.640503,1772.641288,1729.640503,1763.272402,20818000
2015/3/27,1871.265991,1887.055664,1742.638139,1759.390595,53527500
2015/3/30,1856.823975,1904.385496,1842.959871,1895.720446,24704000
2015/3/31,1751.303101,1874.924519,1751.303101,1867.799898,34064500
2015/4/1,1752.458252,1771.3289,1659.838538,1751.302959,23972500
2015/4/2,1787.696167,1828.133068,1764.396739,1781.149193,22092500
2015/4/3,1808.1073,1808.1073,1754.383937,1771.521529,8283500
2015/4/6,1806.181763,1828.903429,1792.510285,1796.939065,7405500
2015/4/7,1804.448364,1836.990486,1793.087592,1821.008307,9814500
2015/4/8,1772.484375,1803.871093,1762.278894,1803.871093,10170500
2015/4/9,1777.105713,1787.503703,1763.819254,1779.223789,6080500
2015/4/10,1711.636353,1777.683269,1710.095805,1774.602292,19088000
2015/4/13,1705.089355,1741.289987,1676.398364,1731.662153,14511000
2015/4/14,1666.577881,1696.8093,1662.149101,1686.026056,11014500
2015/4/15,1661.764526,1666.000798,1636.732152,1651.559044,10831000
2015/4/16,1684.485596,1692.572999,1619.40147,1655.987234,15221000
2015/4/17,1648.670288,1706.629801,1645.781938,1698.349887,11246500
2015/4/20,1637.886963,1672.73979,1613.62487,1629.029403,8943000
2015/4/21,1664.459839,1664.459839,1638.272062,1652.136165,7830000
2015/4/22,1649.055542,1673.510148,1641.738294,1672.354854,9144000
2015/4/23,1642.701416,1653.8698,1638.657772,1650.788822,5547000
2015/4/24,1650.788086,1653.483926,1617.47581,1639.234687,7860500
2015/4/27,1632.303223,1649.825836,1626.333894,1636.924513,6815500
2015/4/28,1646.937378,1653.869489,1621.327361,1634.036056,6992000
2015/4/30,1561.249756,1619.594415,1560.286972,1619.401905,17987500
2015/5/1,1587.629761,1593.021324,1546.807723,1548.155643,9398500
2015/5/7,1554.125,1583.586268,1547.193006,1550.081357,10629000
2015/5/8,1566.641235,1577.424481,1551.2367,1551.429327,8278000
2015/5/11,1537.180054,1577.039313,1536.794917,1577.039313,10665500
2015/5/12,1518.502197,1538.335633,1508.296715,1537.565359,9822000
2015/5/13,1531.595947,1534.484298,1494.239903,1501.94217,7599000
2015/5/14,1496.165405,1531.595881,1496.165405,1528.900041,7142500
2015/5/15,1549.118652,1569.914752,1501.942261,1502.134771,9479500
2015/5/18,1541.801636,1555.665743,1525.049178,1555.280606,5896500
2015/5/19,1540.068359,1552.584544,1530.055388,1540.453496,6242500
2015/5/20,1622.097412,1624.793135,1549.696035,1549.888662,17301500
2015/5/21,1592.63623,1662.919418,1586.281884,1646.5521,16271500
2015/5/22,1618.053833,1621.134811,1581.853199,1601.494005,7938000
2015/5/25,1606.692993,1625.178388,1602.649232,1618.246394,5337500
2015/5/26,1592.828857,1613.432445,1590.710663,1607.077981,5156000
2015/5/27,1572.417725,1593.984095,1569.529375,1584.933908,8909000
2015/5/28,1559.516724,1571.262635,1540.646073,1571.262635,11623000
2015/5/29,1542.379028,1596.10239,1542.379028,1558.361209,17084000
2015/6/1,1555.857788,1567.026051,1521.19759,1525.241233,8872500
2015/6/2,1550.081177,1574.921034,1549.69604,1555.857877,4939000
2015/6/3,1543.342041,1563.367986,1541.223964,1550.081526,6033500
2015/6/4,1530.055298,1544.304539,1526.974438,1543.534265,9023000
2015/6/5,1557.97583,1561.634453,1523.893397,1525.048689,7964500
2015/6/8,1536.602417,1557.398516,1534.67685,1554.317656,5867500
2015/6/9,1523.893555,1537.565031,1523.315791,1531.210685,5953500
2015/6/10,1522.545898,1529.67052,1511.570143,1527.937463,7369500
2015/6/11,1559.324219,1561.249786,1524.471501,1528.900282,7825000
2015/6/12,1538.335693,1557.398738,1535.447343,1544.497414,7380000
2015/6/15,1535.062012,1541.994006,1526.58947,1529.862957,3379500
2015/6/16,1538.720581,1543.341989,1528.900236,1532.75137,4810000
2015/6/17,1534.484253,1546.037654,1529.670336,1542.37903,3849500
2015/6/18,1530.633179,1540.453523,1526.011771,1534.484313,4687000
2015/6/19,1529.092651,1540.453543,1525.049008,1539.875897,5572500
2015/6/22,1547.963257,1556.820817,1529.477744,1529.862881,5290000
2015/6/23,1559.324219,1565.10092,1547.193169,1555.087948,5582000
2015/6/24,1557.205811,1567.988937,1555.087617,1564.52294,5279500
2015/6/25,1541.224243,1557.591567,1540.646479,1552.007374,3647000
2015/6/26,1517.154175,1539.490703,1515.806254,1536.602353,10343000
2015/6/29,1496.165405,1525.048907,1482.686438,1492.314272,7947000
2015/6/30,1504.830078,1523.508095,1495.394756,1495.394756,6144000
2015/7/1,1516.768921,1519.272134,1500.786741,1506.94846,3537500
2015/7/2,1517.34668,1531.980941,1516.383896,1525.048947,5092500
2015/7/3,1525.819092,1529.862735,1510.221931,1522.160468,3372500
2015/7/6,1500.401855,1527.744931,1498.091152,1511.184984,5406500
2015/7/7,1521.583374,1523.316314,1505.408561,1511.37789,3941500
2015/7/8,1478.6427,1511.184707,1478.6427,1501.94201,9428500
2015/7/9,1443.019775,1449.374122,1388.333632,1444.175068,13087500
2015/7/10,1419.335571,1459.387464,1417.410004,1444.175436,8957500
2015/7/13,1451.877441,1457.846652,1426.459935,1434.547339,6561000
2015/7/14,1485.574829,1496.935721,1469.400021,1473.251154,5357000
2015/7/15,1553.932495,1558.361276,1504.638029,1514.265864,13646000
2015/7/16,1580.890259,1580.890259,1544.497001,1559.323888,9031000
2015/7/17,1555.857788,1587.629636,1548.155522,1580.505017,7456000
2015/7/21,1575.498901,1588.400223,1565.871067,1567.411497,4616000
2015/7/22,1585.319336,1594.369525,1559.901827,1569.337153,6821500
2015/7/23,1626.140991,1632.687965,1587.244522,1593.984006,10190000
2015/7/24,1630.570068,1652.136442,1608.040912,1634.806339,7595000
2015/7/27,1581.082642,1629.414432,1569.336733,1627.103729,7676000
2015/7/28,1586.859497,1598.990662,1554.702627,1559.709053,5292500
2015/7/29,1591.095947,1596.872648,1566.063577,1591.481084,5027000
2015/7/30,1588.977905,1603.22703,1573.573369,1598.990877,5465500
2015/7/31,1515.228638,1550.081352,1498.091045,1540.453517,16949000
2015/8/3,1527.552368,1527.552368,1505.023209,1519.272453,7359500
2015/8/4,1547.578125,1547.770635,1516.961565,1526.396889,5745500
2015/8/5,1530.633179,1552.006924,1518.69464,1547.385517,6624500
2015/8/6,1513.495483,1533.906444,1513.495483,1530.633075,5512000
2015/8/7,1512.147705,1514.650919,1498.2836,1512.725352,6115500
2015/8/10,1525.819092,1530.825518,1506.755935,1511.377342,5813500
2015/8/11,1500.401855,1528.515087,1496.550721,1528.322577,7469000
2015/8/12,1487.692627,1503.289786,1482.686201,1500.0163,6003000
2015/8/13,1472.481079,1485.189774,1457.269053,1482.87907,7655500
2015/8/14,1482.686279,1499.053595,1459.964617,1465.35618,4423000
2015/8/17,1488.65564,1503.290018,1484.804506,1491.736617,4378000
2015/8/18,1433.584717,1482.879188,1431.65915,1482.686678,15306000
2015/8/19,1392.184814,1425.304587,1392.184814,1424.91945,12952000
2015/8/20,1350.785156,1390.259277,1343.468026,1389.296494,16350000
2015/8/21,1309.38562,1338.076617,1309.38562,1319.205965,13707000
2015/8/24,1217.536011,1279.154156,1217.536011,1261.438916,16297500
2015/8/25,1191.733276,1266.252614,1132.233218,1159.768799,25671500
2015/8/26,1288.011841,1291.092701,1220.809504,1222.542561,19854000
2015/8/27,1321.131226,1351.362645,1297.446779,1345.778573,16680000
2015/8/28,1319.783203,1349.244344,1294.558214,1347.126151,13312500
2015/8/31,1288.396851,1319.013413,1286.663911,1319.013413,11452000
2015/9/1,1233.325317,1289.744391,1233.325317,1285.893258,10513500
2015/9/2,1233.90332,1257.395261,1190.578062,1194.04406,12836000
2015/9/3,1252.966064,1279.346347,1242.953096,1261.245976,9862500
2015/9/4,1209.448486,1259.128205,1194.236579,1253.736524,11146000
2015/9/7,1206.560425,1220.424533,1180.565266,1193.274081,6951500
2015/9/8,1167.471069,1213.877297,1164.005073,1206.56005,8624500
2015/9/9,1236.214355,1257.395598,1217.343817,1226.586518,12293500
2015/9/10,1226.778687,1239.680009,1200.013376,1213.107208,8165000
2015/9/11,1239.487549,1254.121812,1214.840314,1216.958391,7159000
2015/9/14,1222.927368,1262.786622,1215.032592,1261.823839,5826000
2015/9/15,1220.039063,1241.027787,1214.069853,1224.082823,4687000
2015/9/16,1233.90332,1255.084557,1227.93411,1232.5554,8322000
2015/9/17,1243.338379,1256.047071,1234.480702,1240.064892,6821500
2015/9/18,1226.393799,1267.02322,1218.69153,1255.662326,11838000
2015/9/24,1224.853027,1234.095842,1211.759196,1221.387031,9897500
2015/9/25,1242.953247,1242.953247,1225.045501,1231.399847,12091500
2015/9/28,1302.904785,1308.311006,1241.698356,1242.277691,13357000
2015/9/29,1249.421753,1271.046756,1232.623872,1270.853723,13928000
2015/9/30,1287.651245,1295.760515,1251.159059,1253.08986,8338000
2015/10/1,1311.01416,1318.351182,1276.259735,1293.636947,7191500
2015/10/2,1317.771973,1318.54434,1266.219551,1270.467338,8569000
2015/10/5,1376.46814,1395.003783,1328.391146,1332.252748,13520000
2015/10/6,1369.324341,1393.845542,1366.814323,1380.136781,8300000
2015/10/7,1353.298706,1382.839943,1319.895749,1382.067575,9514500
2015/10/8,1317.771973,1342.679358,1312.944969,1341.327774,5969000
2015/10/9,1312.944824,1328.391234,1300.587649,1324.529631,7020000
2015/10/13,1305.221802,1319.123596,1297.498596,1309.083405,4909500
2015/10/14,1279.928467,1302.518752,1273.749878,1293.637111,5723000
2015/10/15,1296.919189,1302.325409,1279.735012,1280.121195,4819500
2015/10/16,1310.434814,1317.771836,1298.463823,1298.656856,4076000
2015/10/19,1309.855835,1319.123659,1298.850242,1312.94507,3619500
2015/10/20,1319.123535,1344.030802,1313.910348,1319.702752,4483500
2015/10/21,1310.434814,1314.48945,1296.146838,1311.400215,4779000
2015/10/22,1318.544067,1323.757136,1298.077506,1305.607677,3750500
2015/10/23,1333.990845,1338.045481,1321.440635,1336.693896,6081500
2015/10/26,1347.506226,1368.551888,1339.010653,1347.506226,6042000
2015/10/27,1338.431519,1362.373385,1336.69375,1351.753977,3940000
2015/10/28,1332.832153,1356.580986,1322.019713,1336.500723,5117500
2015/10/29,1333.025269,1340.941507,1319.123476,1340.941507,3607000
2015/10/30,1425.317627,1430.91688,1380.716044,1399.831025,19493000
2015/11/2,1428.213745,1430.337579,1395.390123,1403.885578,9821000
2015/11/4,1448.101074,1465.67132,1441.536302,1443.853287,9593500
2015/11/5,1440.570801,1456.596546,1431.109945,1456.017211,5764500
2015/11/6,1445.590698,1447.907683,1432.075092,1440.570545,3145000
2015/11/9,1461.42334,1462.19559,1438.832944,1450.031567,4221000
2015/11/10,1446.363159,1447.907894,1432.654518,1446.170126,4751500
2015/11/11,1435.357788,1446.170229,1433.040803,1441.922442,4709000
2015/11/12,1424.158813,1443.853008,1421.841946,1432.654385,6009500
2015/11/13,1423.386963,1433.427155,1406.781998,1409.485168,4242500
2015/11/16,1374.151489,1418.173741,1367.586717,1399.058759,9926000
2015/11/17,1405.623535,1411.802124,1383.033133,1395.969527,7196000
2015/11/18,1411.415771,1426.862182,1405.8164,1409.48497,5543000
2015/11/19,1417.208374,1440.377993,1415.470605,1423.96618,5579000
2015/11/20,1418.946045,1428.406901,1410.836655,1417.015243,3841500
2015/11/24,1412.76709,1424.931112,1407.940087,1418.752526,3804000
2015/11/25,1389.791016,1415.663805,1388.632582,1405.816646,4830500
2015/11/26,1395.390137,1407.554161,1392.300784,1397.707122,3666000
2015/11/27,1367.007202,1392.107617,1359.863214,1390.176816,6582500
2015/11/30,1350.981934,1375.696171,1341.907142,1367.007564,10789000
2015/12/1,1361.987183,1367.393402,1338.431385,1348.085391,5189500
2015/12/2,1363.338867,1382.260816,1361.9874,1368.938239,4729000
2015/12/3,1350.788574,1360.249548,1346.733939,1352.140159,4150000
2015/12/4,1339.010742,1350.402517,1332.639121,1338.045342,4468000
2015/12/7,1370.675781,1383.225989,1354.650037,1354.650037,6281000
2015/12/8,1361.793823,1384.191184,1361.793823,1374.730213,4320000
2015/12/9,1378.205933,1407.167952,1363.338739,1368.551926,8967000
2015/12/10,1364.883179,1371.640982,1356.966824,1361.986977,3751500
2015/12/11,1356.194946,1370.482806,1348.857807,1351.560976,4936000
2015/12/14,1339.783203,1344.80324,1330.515262,1338.045435,5571000
2015/12/15,1328.198486,1359.477378,1328.198486,1343.837932,4492000
2015/12/16,1357.546387,1358.704938,1338.817708,1351.56095,4899500
2015/12/17,1387.28064,1397.513862,1365.076426,1370.86883,6049000
2015/12/18,1370.869019,1415.663635,1370.869019,1382.067643,7375500
2015/12/21,1385.929321,1398.093347,1362.56667,1378.013082,5861500
2015/12/22,1416.62915,1420.297603,1392.880314,1399.831153,7586500
2015/12/24,1381.102295,1423.000711,1376.082258,1416.62909,6126000
2015/12/25,1381.102295,1381.102295,1381.102295,1381.102295,0
2015/12/28,1385.349976,1388.825394,1353.491753,1368.55198,3884500
2015/12/29,1401.761963,1401.761963,1367.200567,1389.98412,3699500
2015/12/30,1416.62915,1417.208367,1397.321134,1401.761955,4225500
2016/1/4,1381.295166,1415.470252,1377.04738,1401.761611,4884500
2016/1/5,1401.375732,1406.202736,1376.854529,1377.81993,5507500
2016/1/6,1426.669312,1430.723948,1406.395895,1415.277535,9350500
2016/1/7,1442.888184,1453.700745,1426.862552,1427.63492,11321500
2016/1/8,1420.10437,1445.977155,1410.836547,1429.17916,6881000
2016/1/12,1378.013062,1427.2485,1378.013062,1410.25747,6576000
2016/1/13,1445.204834,1448.101036,1411.029626,1421.069817,7350500
2016/1/14,1406.009399,1420.490408,1377.047383,1412.187987,7627500
2016/1/15,1422.227905,1443.273682,1408.519266,1423.000273,7017500
2016/1/18,1424.54541,1430.723999,1392.301,1393.2664,6245500
2016/1/19,1397.321289,1427.44175,1382.454092,1412.574553,6367000
2016/1/20,1350.788574,1398.286358,1347.699339,1391.335402,5841000
2016/1/21,1322.791992,1387.66699,1322.598959,1351.56098,7165500
2016/1/22,1374.344482,1377.240685,1333.411467,1361.408089,6233000
2016/1/25,1407.554321,1415.856744,1392.494093,1394.231744,4365000
2016/1/26,1379.171387,1395.776349,1377.047552,1384.384574,3200000
2016/1/27,1394.038696,1407.168123,1384.384689,1401.375718,4394000
2016/1/28,1375.309692,1392.107687,1371.44809,1390.176885,4662000
2016/1/29,1471.850098,1477.063286,1413.539863,1417.015401,16084000
2016/2/1,1540.779541,1544.448111,1487.489469,1491.157921,11060500
2016/2/2,1542.710205,1583.063999,1525.332994,1534.021599,11707500
2016/2/3,1531.704468,1563.755836,1514.713442,1534.986853,8783000
2016/2/4,1488.840942,1522.243902,1487.682509,1517.416898,7151500
2016/2/5,1464.89917,1475.904762,1444.046537,1467.602221,6015500
2016/2/8,1507.762573,1515.099594,1458.333996,1467.022601,7201000
2016/2/9,1544.641113,1572.830766,1518.382261,1560.666741,18153500
2016/2/10,1558.15686,1581.326479,1541.552014,1557.770676,15304000
2016/2/12,1477.06311,1517.996125,1460.072081,1504.480515,11417000
2016/2/15,1572.637695,1580.553934,1531.125466,1544.641076,11001000
2016/2/16,1543.868652,1560.666647,1533.635429,1554.295026,9363500
2016/2/17,1532.090942,1549.661188,1498.301917,1532.86331,11029000
2016/2/18,1544.641113,1572.4447,1537.304092,1551.398918,8625500
2016/2/19,1516.065308,1546.571947,1504.673532,1541.165726,7061000
2016/2/22,1546.572021,1557.963798,1511.43141,1514.906829,5691500
2016/2/23,1502.742432,1549.467841,1495.405411,1546.571639,6428500
2016/2/24,1516.644287,1533.056097,1492.509273,1496.370875,4789500
2016/2/25,1526.877686,1532.86324,1505.445838,1506.218088,4227000
2016/2/26,1519.540405,1532.476796,1508.148632,1519.733438,4458500
2016/2/29,1492.316406,1536.724837,1492.316406,1535.952469,6132000
2016/3/1,1519.347534,1528.229173,1501.584139,1501.584139,4978000
2016/3/2,1580.360718,1582.291519,1540.972328,1544.640897,11237500
2016/3/3,1577.657837,1590.401197,1567.424613,1582.098775,5122000
2016/3/4,1546.572021,1577.85103,1529.387841,1564.528452,7263500
2016/3/7,1530.353027,1542.51717,1524.174558,1538.8486,3698000
2016/3/8,1532.670166,1538.655721,1504.094328,1525.333144,5644000
2016/3/9,1510.851929,1540.779347,1508.14876,1525.332938,4141000
2016/3/10,1530.932495,1534.214763,1518.189135,1525.526157,2671000
2016/3/11,1533.056274,1540.77948,1509.886658,1521.278433,4908500
2016/3/14,1522.243652,1555.839521,1513.74808,1545.220115,5606500
2016/3/15,1530.353027,1539.620968,1514.520551,1522.050606,3967500
2016/3/16,1529.580566,1540.972222,1517.99576,1517.99576,2576000
2016/3/17,1527.842896,1543.675488,1516.45124,1529.773697,3809000
2016/3/18,1537.11084,1538.462424,1497.143348,1515.872026,6736500
2016/3/22,1553.522827,1556.805213,1526.491606,1536.145614,5397500
2016/3/23,1561.438965,1566.845185,1554.874194,1555.839594,3901500
2016/3/24,1577.078613,1583.257202,1553.908996,1561.439169,5514500
2016/3/25,1567.038452,1588.277269,1562.211448,1579.395629,4653000
2016/3/28,1569.548462,1579.202469,1552.750467,1570.513863,7570000
2016/3/29,1557.454956,1565.388273,1535.783302,1565.388273,5933000
2016/3/30,1566.355713,1580.287498,1553.391411,1555.713395,4168500
2016/3/31,1542.168579,1568.871098,1542.168579,1567.323148,5602500
2016/4/1,1525.914795,1557.454849,1517.594461,1552.810881,7556000
2016/4/4,1523.399414,1553.391401,1515.659546,1524.366898,4419000
2016/4/5,1458.19104,1509.274215,1445.226856,1509.080765,8156500
2016/4/6,1501.921265,1504.049681,1464.769878,1499.212264,7054500
2016/4/7,1502.695313,1530.752334,1482.571727,1511.209214,5029500
2016/4/8,1506.952148,1518.755517,1466.898311,1476.186247,4944500
2016/4/11,1487.409058,1506.371709,1478.508139,1503.469259,3478000
2016/4/12,1487.796143,1499.405944,1478.314757,1481.797674,2948000
2016/4/13,1485.087158,1498.051461,1476.573256,1497.277427,5376500
2016/4/14,1514.305298,1516.046816,1490.118208,1497.27761,6550000
2016/4/15,1490.11792,1500.373339,1483.92612,1493.02037,6541000
2016/4/18,1470.574951,1476.186403,1457.030182,1464.189584,4205000
2016/4/19,1499.406006,1506.565289,1486.441703,1495.149055,3544500
2016/4/20,1487.215576,1517.014115,1482.571726,1505.404313,4279000
2016/4/21,1497.083984,1499.599418,1485.667632,1499.599418,3999000
2016/4/22,1528.817505,1529.784988,1491.859679,1492.053129,5534500
2016/4/25,1513.144287,1527.269523,1511.015871,1527.269523,3707500
2016/4/26,1519.723022,1526.301839,1506.758721,1511.209121,3585000
2016/4/27,1497.470947,1532.106784,1490.117978,1525.527968,5168000
2016/4/28,1470.574951,1527.656479,1462.254617,1524.754028,8803000
2016/5/2,1408.075562,1450.064371,1406.527611,1448.903319,10073500
2016/5/6,1408.849243,1426.263944,1391.241093,1414.267245,4993500
2016/5/9,1402.851074,1427.618628,1400.722658,1421.42671,3652000
2016/5/10,1426.264038,1429.360056,1397.433102,1401.883503,5486500
2016/5/11,1409.429932,1449.096753,1405.559998,1448.709736,5477000
2016/5/12,1404.979614,1407.108149,1390.273911,1400.91623,4785000
2016/5/13,1411.945679,1419.298531,1401.303358,1409.236677,4173500
2016/5/16,1401.883545,1427.618582,1401.883545,1411.751829,2582000
2016/5/17,1423.555176,1424.135642,1404.592524,1410.010407,2655000
2016/5/18,1407.494751,1423.55495,1398.980851,1417.169584,4435500
2016/5/19,1432.843018,1435.552019,1410.203881,1417.363282,5159500
2016/5/20,1431.87561,1435.165078,1423.168259,1431.101576,4515500
2016/5/23,1418.137207,1432.842907,1407.881789,1429.55344,3468000
2016/5/24,1428.005615,1430.908066,1410.203896,1418.137331,2909000
2016/5/25,1406.333984,1441.356958,1399.948617,1436.132523,5004000
2016/5/26,1404.39917,1417.363474,1401.496719,1413.30009,3795000
2016/5/27,1396.852905,1403.81874,1394.143904,1402.851257,4202500
2016/5/30,1411.558594,1416.202562,1402.077207,1404.399191,4474500
2016/5/31,1410.977905,1413.686788,1397.239569,1411.558372,9922500
2016/6/1,1394.143555,1403.818389,1386.403688,1398.980972,6010000
2016/6/2,1362.797363,1390.273921,1354.477028,1388.91942,6753500
2016/6/3,1372.859009,1380.598876,1359.120791,1364.732124,4870000
2016/6/6,1386.597168,1386.790736,1362.216633,1364.1516,3126500
2016/6/7,1367.054199,1377.696518,1361.442748,1377.696518,4337500
2016/6/8,1358.927002,1367.827919,1345.962702,1365.892952,7026500
2016/6/9,1362.023315,1369.763183,1354.08988,1362.410214,4900000
2016/6/10,1347.124023,1357.959791,1341.512572,1356.798858,6687000
2016/6/13,1330.677002,1337.449387,1323.32415,1335.127403,5447000
2016/6/14,1313.455688,1337.449329,1300.491385,1329.902909,4883500
2016/6/15,1320.034424,1330.096275,1305.715622,1306.876673,3730500
2016/6/16,1293.912354,1328.35474,1290.235869,1316.938388,4014500
2016/6/17,1296.427979,1316.551684,1290.816527,1300.104463,4019000
2016/6/20,1301.072021,1315.584276,1297.395536,1308.037856,3087500
2016/6/21,1327.967896,1329.902863,1295.267022,1308.037758,4303500
2016/6/22,1298.169189,1312.874889,1296.427672,1310.165888,4565500
2016/6/23,1257.535034,1279.206569,1254.826033,1277.078153,8677000
2016/6/24,1190.972412,1269.145141,1153.240549,1267.403623,10279500
2016/6/27,1228.51062,1236.637387,1189.037245,1190.004729,5589500
2016/6/28,1249.98877,1260.824538,1212.45036,1219.222745,5982000
2016/6/29,1285.978882,1286.752916,1250.375564,1269.338215,5131000
2016/6/30,1281.722168,1303.200254,1279.206616,1295.073369,6892500
2016/7/1,1297.782593,1304.941995,1287.140273,1293.138624,3465000
2016/7/4,1309.972534,1317.131935,1296.814783,1300.2977,4038500
2016/7/5,1286.946411,1306.683097,1275.33661,1306.10263,3921000
2016/7/6,1277.271606,1277.271606,1249.98862,1260.050472,5480500
2016/7/7,1260.244019,1281.528656,1252.310701,1280.174156,4039000
2016/7/8,1230.445557,1276.691197,1229.091056,1263.920462,5705500
2016/7/11,1230.445557,1230.445557,1230.445557,1230.445557,0
2016/7/12,1280.367188,1301.458249,1277.851755,1286.752552,4882000
2016/7/13,1271.853882,1309.585741,1265.468514,1302.426339,4087000
2016/7/14,1285.398682,1294.686501,1278.04583,1279.013314,3058500
2016/7/15,1243.409668,1284.043972,1239.539734,1284.043972,7550000
2016/7/19,1271.273193,1271.466643,1238.572207,1262.759292,7497000
2016/7/20,1268.951172,1268.951172,1248.440572,1260.050372,5237500
2016/7/21,1268.564209,1279.787111,1263.920359,1277.07811,4207500
2016/7/22,1264.113892,1276.691177,1255.600108,1260.050508,2854000
2016/7/25,1267.596436,1280.947751,1260.050137,1260.243587,3177500
2016/7/26,1261.985352,1268.757735,1254.051917,1261.404885,2951000
2016/7/27,1286.946411,1295.266863,1267.016276,1271.079777,3773500
2016/7/28,1250.762695,1262.952964,1228.897474,1261.211446,7780500
2016/7/29,1259.663208,1260.824141,1221.737911,1236.44361,8172500
2016/8/1,1246.118652,1253.471503,1229.477985,1249.795137,4582500
2016/8/2,1210.515137,1245.344538,1209.93467,1245.344538,5286000
2016/8/3,1206.452026,1210.321961,1176.847052,1195.809707,4838000
2016/8/4,1204.130005,1216.707291,1194.842186,1213.030924,3781000
2016/8/5,1188.263184,1210.321855,1182.8453,1201.807953,5804000
2016/8/8,1194.841797,1205.290663,1186.134448,1201.033713,3088000
2016/8/9,1200.26001,1208.386895,1192.133125,1197.938026,3990000
2016/8/10,1204.130005,1211.869873,1189.617752,1200.066621,3386500
2016/8/12,1209.741089,1214.191488,1202.001223,1209.354072,3003500
2016/8/15,1214.772339,1225.027641,1207.03247,1209.741472,2698000
2016/8/16,1196.583618,1217.094221,1193.100583,1216.320187,4449500
2016/8/17,1189.424561,1203.5498,1188.07006,1195.80993,3487000
2016/8/18,1183.619263,1195.229064,1182.264762,1188.263112,4046500
2016/8/19,1164.656738,1185.360792,1159.238736,1184.199859,5498500
2016/8/22,1172.977173,1174.91214,1159.432402,1162.141285,3253000
2016/8/23,1181.877563,1196.389813,1164.075847,1168.719814,4551000
2016/8/24,1189.230347,1191.55233,1170.848165,1182.844981,4303000
2016/8/25,1198.131592,1205.677892,1186.908807,1190.004707,3096500
2016/8/26,1173.557495,1193.487632,1173.557495,1192.713716,3374500
2016/8/29,1170.848511,1191.939699,1170.655061,1188.263214,2946500
2016/8/30,1162.141235,1174.138055,1160.206268,1168.91362,4405000
2016/8/31,1172.396606,1173.750989,1159.238736,1170.655089,3531000
2016/9/1,1169.300781,1172.203232,1163.108862,1168.913764,3296000
2016/9/2,1197.357422,1199.485956,1166.78497,1168.719937,4114000
2016/9/5,1208.193604,1214.385404,1199.292683,1212.063538,3521500
2016/9/6,1226.188599,1231.799932,1205.484428,1211.869796,3668500
2016/9/7,1223.673096,1233.154363,1219.609594,1224.834029,3664000
2016/9/8,1201.034302,1221.738477,1196.970799,1221.738477,3938000
2016/9/9,1186.13501,1199.486332,1183.039109,1191.939912,4085000
2016/9/12,1177.427612,1181.490996,1174.525161,1179.36258,2416500
2016/9/13,1175.685669,1180.716653,1165.430369,1179.942619,3547000
2016/9/14,1171.622437,1183.619255,1171.23542,1172.009454,2788000
2016/9/15,1167.945801,1171.235268,1163.108384,1169.493869,2806000
2016/9/16,1196.776855,1199.485856,1169.300306,1174.524739,4624000
2016/9/20,1192.132935,1201.420869,1184.780085,1196.776902,3594500
2016/9/21,1207.806274,1208.773758,1183.61919,1188.650056,3627500
2016/9/23,1227.543213,1231.993614,1203.162556,1207.419507,4685000
2016/9/26,1201.614624,1224.447213,1199.09919,1222.899263,4519500
2016/9/27,1212.063599,1216.707449,1191.552874,1202.388762,8422000
2016/9/28,1202.07019,1212.742323,1188.875578,1202.458292,4471000
2016/9/29,1208.473755,1212.742633,1196.443324,1212.742633,3606500
2016/9/30,1190.233887,1195.666949,1171.024001,1193.144468,5697000
2016/10/3,1189.845825,1201.682143,1187.129235,1193.3385,2888000
2016/10/4,1180.726074,1190.816115,1171.412236,1190.428014,5891000
2016/10/5,1184.606689,1189.84576,1178.591535,1184.412698,4073000
2016/10/6,1186.353149,1189.457723,1179.755784,1187.517335,3098000
2016/10/7,1172.964355,1187.129162,1171.60606,1183.636488,3833000
2016/10/11,1171.412231,1173.740721,1164.426764,1171.994324,3921500
2016/10/12,1176.263306,1185.771136,1170.248031,1171.994428,3711500
2016/10/13,1170.053955,1185.577059,1165.396977,1182.278376,4256500
2016/10/14,1166.949219,1173.158365,1157.829373,1170.053792,6132500
2016/10/17,1163.844482,1174.904716,1159.575606,1167.337156,4265000
2016/10/18,1170.442261,1171.024354,1158.023728,1166.173383,3895000
2016/10/19,1163.844482,1171.800143,1161.322002,1164.426575,3975000
2016/10/20,1165.591309,1170.054178,1162.292625,1162.486616,3484500
2016/10/21,1214.876831,1222.2504,1174.322795,1179.755857,12477500
2016/10/24,1206.339355,1213.906798,1200.906292,1213.906798,3641000
2016/10/25,1205.562988,1209.831865,1194.502753,1194.890855,2980500
2016/10/26,1206.921509,1209.832091,1200.906353,1203.040732,2461000
2016/10/27,1204.20459,1213.712537,1201.682109,1207.503273,2904000
2016/10/28,1205.174805,1208.861589,1199.15965,1206.144999,3593000
2016/10/31,1190.816162,1207.697562,1188.099571,1205.174963,3732500
2016/11/1,1185.770996,1189.069679,1176.457158,1184.800802,3445500
2016/11/2,1181.696289,1188.681638,1171.606248,1178.009504,3775500
2016/11/4,1167.531616,1177.81565,1161.32235,1173.934874,4527000
2016/11/7,1172.188354,1179.561924,1167.143393,1175.487038,3178000
2016/11/8,1165.009033,1173.740779,1160.740156,1172.188374,4154500
2016/11/9,1143.470825,1183.248786,1129.888107,1166.949595,7765000
2016/11/10,1163.068359,1181.307932,1157.441188,1180.531848,6074500
2016/11/11,1147.351196,1165.590888,1142.888328,1165.396778,8275000
2016/11/14,1145.992798,1153.366365,1142.112023,1152.00807,6111000
2016/11/15,1137.649658,1145.993304,1134.350974,1145.993304,5527000
2016/11/16,1144.440552,1148.127335,1136.096909,1145.798847,5005000
2016/11/17,1155.88916,1159.381835,1141.530242,1143.082528,3869500
2016/11/18,1158.02356,1163.844724,1153.560691,1162.292437,3223000
2016/11/21,1174.516968,1176.651466,1162.874638,1164.232934,3794500
2016/11/22,1178.7854,1185.188655,1176.26292,1176.456912,3483000
2016/11/24,1185.576782,1188.487364,1179.75562,1185.576782,2456000
2016/11/25,1211.384277,1212.742573,1184.024852,1185.771131,5874500
2016/11/28,1217.399658,1225.743304,1212.548687,1212.742679,4542000
2016/11/29,1209.831909,1211.772297,1198.189581,1204.010745,3316500
2016/11/30,1264.551025,1267.073506,1217.981708,1217.981708,13722500
2016/12/1,1257.565308,1268.043449,1247.475386,1267.073255,6150000
2016/12/2,1241.072144,1255.431062,1234.086794,1255.237071,4545500
2016/12/5,1223.608521,1239.325733,1218.56356,1232.922477,3556500
2016/12/6,1227.489502,1236.997451,1222.832641,1236.027257,4627000
2016/12/7,1236.997192,1237.191184,1215.070834,1229.04165,4027000
2016/12/8,1241.654053,1251.161881,1232.146106,1241.848044,5005000
2016/12/9,1248.833618,1256.013077,1234.086717,1234.086717,5950500
2016/12/12,1257.565308,1270.56593,1250.191858,1261.834185,5449000
2016/12/13,1286.477173,1286.477173,1262.222324,1266.1031,6228000
2016/12/14,1283.178467,1304.328742,1279.297691,1300.059865,4919500
2016/12/15,1292.492432,1295.597124,1275.417041,1282.5965,4026000
2016/12/16,1298.50769,1308.403622,1289.969936,1300.059977,3854000
2016/12/19,1296.76123,1302.194293,1287.447392,1297.343323,2905000
2016/12/20,1301.612427,1303.358824,1285.313236,1290.358198,3003500
2016/12/21,1294.626953,1306.463273,1291.716371,1303.940792,2933500
2016/12/22,1290.745972,1293.074461,1281.238024,1281.432134,2748500
2016/12/26,1292.104492,1294.432863,1286.671311,1290.358096,2147000
2016/12/27,1284.148682,1294.820815,1282.984496,1290.551938,2342500
2016/12/28,1290.552002,1295.985183,1283.178551,1285.507041,2417000
2016/12/29,1290.940063,1293.268553,1282.790411,1290.746072,2955000
2016/12/30,1281.820435,1291.328384,1280.656249,1286.671405,2715000
2017/1/4,1277.551514,1290.746128,1273.864729,1288.417639,4929000
2017/1/5,1295.985229,1299.477904,1277.939526,1278.133636,4441000
2017/1/6,1311.508423,1314.419005,1295.985317,1296.179309,4499500
2017/1/10,1298.50769,1316.553275,1296.373193,1313.642693,3747000
2017/1/11,1296.373047,1298.895646,1290.551883,1296.373047,2664500
2017/1/12,1270.760132,1295.014982,1268.237533,1290.358003,4512500
2017/1/13,1270.177612,1273.282303,1262.222071,1267.849242,3297500
2017/1/16,1262.222168,1274.640696,1256.012904,1269.983719,2594500
2017/1/17,1245.34082,1268.625473,1241.848146,1267.073187,3547500
2017/1/18,1226.325317,1247.281486,1219.533959,1244.565013,5091000
2017/1/19,1236.802979,1243.982317,1229.623521,1231.369799,3884500
2017/1/20,1242.236328,1247.66939,1228.653613,1237.385358,2356000
2017/1/23,1223.026123,1237.773138,1223.026123,1237.773138,2745000
2017/1/24,1222.638184,1230.011751,1214.682642,1219.533611,3847000
2017/1/25,1223.608521,1233.50457,1216.817163,1231.17608,3318500
2017/1/26,1231.952393,1236.02716,1221.086149,1229.623903,2806500
2017/1/27,1232.728271,1245.922884,1232.146179,1241.071915,2538500
2017/1/30,1240.102051,1242.43054,1226.519333,1227.683637,2260000
2017/1/31,1200.517822,1215.45883,1176.068868,1212.74224,10387500
2017/2/1,1204.592896,1205.369098,1188.487698,1192.756576,4682500
2017/2/2,1193.532593,1204.592828,1191.398213,1203.428642,3786000
2017/2/3,1199.935913,1207.309363,1195.278935,1196.055137,2427500
2017/2/6,1195.4729,1209.637826,1190.427939,1208.667632,2899000
2017/2/7,1193.338623,1201.682268,1186.159164,1201.294166,3458000
2017/2/8,1190.816162,1196.637326,1185.577091,1195.279031,2968000
2017/2/9,1187.129028,1191.786006,1181.113875,1190.233719,4106500
2017/2/10,1209.44397,1214.683042,1193.920864,1199.742028,4426000
2017/2/13,1226.713135,1229.817708,1213.712513,1222.444258,3436000
2017/2/14,1210.414063,1229.623952,1209.443868,1227.101471,2643000
2017/2/15,1217.2052,1225.548844,1211.190046,1224.384658,2234500
2017/2/16,1205.562988,1220.503999,1203.6226,1217.205316,2204500
2017/2/17,1216.817139,1218.951636,1203.234424,1205.757023,2419500
2017/2/20,1225.743042,1231.758197,1214.294706,1216.817187,3081000
2017/2/21,1227.29541,1232.534481,1218.951765,1224.190837,2763500
2017/2/22,1228.071655,1233.504718,1223.802778,1228.847739,1866000
2017/2/23,1231.370239,1237.385513,1228.071674,1231.564349,1915000
2017/2/24,1233.698486,1236.803178,1224.57864,1231.564107,2506500
2017/2/27,1227.101318,1235.638954,1222.44434,1230.399883,2609000
2017/2/28,1224.772949,1238.743767,1223.996747,1230.594113,3014500
2017/3/1,1229.041504,1236.803054,1223.026232,1231.757975,2435500
2017/3/2,1232.922729,1240.102071,1227.489548,1235.833312,2560500
2017/3/3,1233.698486,1238.161354,1228.653526,1233.116394,2759000
2017/3/6,1228.265625,1236.997371,1225.937136,1234.086789,2058500
2017/3/7,1234.08667,1234.474771,1226.325119,1228.265506,2238500
2017/3/8,1236.414795,1236.802896,1230.593633,1232.145919,2598000
2017/3/9,1241.654053,1243.40033,1237.191067,1239.907657,2318500
2017/3/10,1252.132202,1254.460691,1244.370651,1250.385924,3703500
2017/3/13,1265.715088,1272.894547,1255.431055,1257.371443,3301500
2017/3/14,1258.535522,1265.714981,1256.013042,1265.714981,2056500
2017/3/15,1249.416016,1255.819273,1243.788842,1255.625163,3078500
2017/3/16,1245.147217,1249.610086,1240.296246,1245.535318,3097000
2017/3/17,1240.102051,1246.893409,1237.191468,1241.848448,2999500
2017/3/21,1226.519287,1240.102004,1225.937194,1239.908013,3829500
2017/3/22,1217.981567,1226.713313,1216.623272,1220.504048,5222500
2017/3/23,1218.369995,1220.310384,1201.682583,1214.68321,5229500
2017/3/24,1249.609741,1249.609741,1215.652955,1220.309933,5494500
2017/3/27,1228.071655,1246.117241,1225.743166,1243.982743,4997500
2017/3/28,1235.250977,1244.370824,1228.84772,1236.027179,8458000
2017/3/29,1252.769409,1252.769409,1227.075662,1237.976032,6042000
2017/3/30,1236.80835,1254.716086,1234.667125,1253.548232,3969500
2017/3/31,1242.452759,1272.623553,1242.452759,1246.735089,7061000
2017/4/3,1277.879395,1282.55105,1255.300004,1255.300004,7455000
2017/4/4,1264.643188,1274.959632,1252.964169,1273.207732,5526000
2017/4/5,1270.872314,1273.208024,1264.643479,1267.952559,3472500
2017/4/6,1259.387573,1275.738248,1258.803646,1270.482665,5008500
2017/4/7,1266.78418,1271.455835,1252.964055,1260.555346,3989500
2017/4/10,1256.662476,1271.26125,1254.521369,1266.784316,3978000
2017/4/11,1266.005737,1270.287949,1251.601566,1251.796169,4326500
2017/4/12,1262.307495,1263.280747,1251.796329,1253.742832,3643500
2017/4/13,1265.227051,1272.234415,1258.803614,1258.803614,4102000
2017/4/14,1247.319214,1262.307312,1245.567432,1255.494551,3416000
2017/4/17,1261.334106,1265.421716,1240.117173,1240.117173,2314000
2017/4/18,1262.696899,1268.53641,1259.38782,1265.811258,2529500
2017/4/19,1264.448486,1280.409837,1262.891307,1264.837811,3836500
2017/4/20,1266.78418,1270.677186,1253.742585,1263.864425,2805500
2017/4/21,1266.395142,1272.040049,1261.723604,1268.341645,2976000
2017/4/24,1284.108032,1291.894044,1275.932696,1275.932696,4060000
2017/4/25,1267.562866,1277.10066,1256.07845,1267.562866,7825500
2017/4/26,1266.979248,1268.536427,1259.971764,1265.227347,4133000
2017/4/27,1255.494751,1272.040031,1254.521499,1268.925673,4265000
2017/4/28,1245.762085,1267.757548,1226.88098,1267.173621,8856500
2017/5/1,1253.548096,1259.77693,1244.788831,1251.017665,3822000
2017/5/2,1270.872314,1281.967291,1259.387895,1259.387895,5446000
2017/5/8,1303.768066,1305.130643,1283.719103,1284.692355,7084000
2017/5/9,1312.137573,1313.889473,1302.210456,1303.183707,4872000
2017/5/10,1318.171997,1322.259606,1310.775309,1311.943163,4138000
2017/5/11,1329.851074,1337.442366,1320.702485,1320.702485,4735500
2017/5/12,1339.583618,1341.530121,1327.904598,1329.461777,4322000
2017/5/15,1348.926758,1352.235837,1339.194242,1339.388844,4135000
2017/5/16,1358.85376,1360.60566,1350.48382,1350.48382,4073000
2017/5/17,1370.532837,1372.284737,1351.45713,1358.853818,4485500
2017/5/18,1381.044067,1383.963822,1357.686028,1359.048604,6340500
2017/5/19,1377.540283,1387.272799,1373.257953,1382.017217,4551000
2017/5/22,1383.379883,1383.96381,1367.029208,1374.231294,3374500
2017/5/23,1399.730347,1403.42875,1381.433289,1382.211819,3949500
2017/5/24,1374.620605,1396.616068,1367.223917,1396.421465,6040500
2017/5/25,1391.360474,1395.058877,1378.124276,1378.124276,3603000
2017/5/26,1382.017334,1397.394757,1381.044082,1391.360526,3458500
2017/5/29,1392.13916,1397.200021,1381.044068,1382.017319,2276000
2017/5/30,1392.13916,1395.642842,1386.688975,1391.749836,2461000
2017/5/31,1392.528564,1398.952002,1387.07826,1392.13924,5713000
2017/6/1,1427.954712,1429.51201,1391.7498,1392.528448,5820500
2017/6/2,1443.72168,1443.72168,1430.874685,1431.653334,5278500
2017/6/5,1466.106323,1469.220681,1443.721535,1443.721535,5560500
2017/6/6,1473.50293,1487.907101,1466.106241,1466.300844,5104000
2017/6/7,1489.464111,1493.357117,1467.663254,1471.55626,5340000
2017/6/8,1482.846191,1505.814907,1480.510364,1494.914536,5952000
2017/6/9,1454.816772,1479.148066,1450.145117,1478.758742,7512500
2017/6/12,1465.522095,1467.273876,1442.553265,1447.614244,5319500
2017/6/13,1483.235596,1484.987496,1460.266879,1460.266879,4173000
2017/6/14,1490.632202,1495.49846,1484.403368,1488.88042,4217500
2017/6/15,1485.960571,1492.384008,1471.167076,1485.181922,5309500
2017/6/16,1491.215942,1504.646861,1487.712261,1489.074837,6012000
2017/6/19,1512.627808,1516.715536,1498.613078,1498.80768,3892500
2017/6/20,1506.982788,1518.272483,1505.036285,1517.104628,4358500
2017/6/21,1510.681274,1519.829864,1505.815016,1508.540168,3928500
2017/6/22,1517.688965,1521.776575,1510.486877,1514.379885,4292500
2017/6/23,1509.318726,1525.085355,1507.761428,1520.219097,5000500
2017/6/26,1506.593628,1515.15829,1504.647125,1506.982952,3182000
2017/6/27,1461.629517,1499.19701,1445.862767,1498.613083,11895500
2017/6/28,1461.824219,1472.140664,1444.111083,1445.862865,5669000
2017/6/29,1482.846191,1485.765946,1460.266801,1469.41539,3913500
2017/6/30,1480.899658,1481.09438,1466.690208,1470.972539,3860500
2017/7/3,1480.510132,1488.88019,1477.395775,1485.376389,2912500
2017/7/4,1471.751099,1483.62484,1466.690238,1481.483615,2866000
2017/7/5,1468.052734,1468.442059,1450.92353,1464.159728,3475500
2017/7/6,1473.308228,1477.979764,1458.125408,1462.018415,3020000
2017/7/7,1460.266846,1470.58329,1458.90427,1465.327707,2844500
2017/7/10,1462.018555,1465.327634,1453.454012,1457.736343,3404000
2017/7/11,1477.201416,1478.758595,1455.205833,1459.877489,3084500
2017/7/12,1464.743896,1486.350038,1462.60279,1479.342673,2768000
2017/7/13,1481.28894,1483.235444,1466.884769,1475.449431,2589500
2017/7/14,1490.04834,1491.410916,1479.926498,1481.289075,2480000
2017/7/17,1490.04834,1490.04834,1490.04834,1490.04834,0
2017/7/18,1484.598022,1493.941214,1480.121089,1486.739128,2848500
2017/7/19,1495.693237,1501.921953,1481.289065,1483.040965,2828000
2017/7/20,1515.352661,1518.66174,1499.780636,1502.311067,3352500
2017/7/21,1503.284424,1513.01694,1500.948596,1511.070437,2625000
2017/7/24,1493.552002,1498.807585,1484.403412,1494.719975,2449500
2017/7/25,1486.93396,1497.055682,1486.155311,1493.746722,1740500
2017/7/26,1521.386963,1523.333466,1500.559472,1504.452479,7055500
2017/7/27,1534.039063,1546.691333,1520.024335,1521.386792,5156000
2017/7/28,1526.447876,1534.428492,1522.165545,1533.649962,3385000
2017/7/31,1556.034668,1568.881541,1526.447796,1526.447796,6939000
2017/8/1,1560.122314,1560.900963,1540.851885,1542.214461,4102000
2017/8/2,1569.85498,1574.331914,1558.759887,1568.881729,3105000
2017/8/3,1568.881836,1570.049691,1560.706497,1562.263676,2701500
2017/8/4,1567.908447,1575.499858,1565.183295,1569.271023,2696000
2017/8/7,1553.504395,1570.828323,1550.779361,1569.855071,3087500
2017/8/8,1565.37793,1566.351181,1554.282837,1563.626029,2974500
2017/8/9,1559.927856,1570.438903,1555.061598,1559.538532,3371000
2017/8/10,1568.297485,1569.854664,1555.255892,1559.538222,2976000
2017/8/11,1568.297485,1568.297485,1568.297485,1568.297485,0
2017/8/14,1570.049561,1581.728581,1559.733117,1559.733117,4585500
2017/8/15,1573.358521,1585.816189,1567.324408,1574.526494,2935500
2017/8/16,1589.514404,1590.87698,1574.137101,1575.499677,3297000
2017/8/17,1585.232422,1595.548866,1579.392912,1592.239787,2630500
2017/8/18,1581.339233,1584.842915,1569.465493,1572.579969,3113500
2017/8/21,1560.511597,1584.064237,1558.175769,1581.533807,3034000
2017/8/22,1549.416626,1567.908407,1542.798467,1564.988652,4188000
2017/8/23,1566.935059,1571.217389,1558.565119,1559.343649,2680500
2017/8/24,1565.766968,1573.552979,1561.484638,1562.457889,2156000
2017/8/25,1559.149048,1568.686961,1557.981193,1566.740458,1980000
2017/8/28,1588.54126,1590.29316,1558.954505,1559.149108,3329000
2017/8/29,1600.998901,1603.529332,1576.667611,1576.667611,3643500
2017/8/30,1598.468506,1612.872559,1595.743354,1609.758201,3202500
2017/8/31,1607.617065,1615.597681,1597.495225,1602.94541,3154000
2017/9/1,1610.147461,1629.807096,1607.227706,1615.597646,2724500
2017/9/4,1602.750732,1614.818957,1591.850244,1608.006196,2299000
2017/9/5,1585.816162,1601.388188,1580.949904,1599.05236,3336500
2017/9/6,1597.300537,1600.998941,1571.606789,1576.66765,2649000
2017/9/7,1606.838257,1612.872369,1599.441569,1600.998748,2969500
2017/9/8,1622.02124,1625.33032,1606.25461,1607.811789,5204500
2017/9/11,1649.272095,1658.420683,1635.062645,1635.062645,4723500
2017/9/12,1668.542358,1672.240643,1651.413156,1654.722116,4120000
2017/9/13,1651.218506,1676.133721,1650.050652,1673.992615,3867500
2017/9/14,1662.897583,1675.939178,1658.226047,1658.615252,3379500
2017/9/15,1637.39856,1660.367274,1635.452056,1659.783347,5585000
2017/9/18,1637.39856,1637.39856,1637.39856,1637.39856,0
2017/9/19,1654.722168,1656.084744,1629.223026,1650.439956,3758500
2017/9/20,1650.050781,1655.890291,1644.795199,1650.440106,3413000
2017/9/21,1653.165161,1662.31375,1650.634731,1656.47424,2877000
2017/9/22,1634.673462,1659.199475,1632.337634,1653.165243,3906000
2017/9/25,1652.581543,1655.695901,1640.318594,1644.795529,3581000
2017/9/26,1649.466919,1660.951217,1643.432688,1653.165204,6819000
2017/9/27,1650.442505,1650.832631,1633.272657,1645.759797,3072000
2017/9/28,1665.661255,1666.0515,1641.662646,1654.734976,3359000
2017/9/29,1672.880005,1681.074563,1665.270636,1668.002235,4270500
2017/10/2,1674.050659,1681.464846,1664.490182,1677.56263,3716500
2017/10/3,1692.781372,1704.683203,1686.147676,1687.708539,4664000
2017/10/4,1701.561279,1708.975585,1691.025367,1703.317324,3410000
2017/10/5,1701.561279,1704.683124,1691.805739,1698.829799,3125000
2017/10/6,1732.974365,1733.949919,1709.75613,1710.341438,6050500
2017/10/9,1732.974365,1732.974365,1732.974365,1732.974365,0
2017/10/10,1754.631348,1754.82653,1734.144714,1736.486068,4370500
2017/10/11,1755.217041,1755.997532,1736.876694,1755.021978,4337000
2017/10/12,1801.848389,1807.50665,1775.508428,1775.508428,8604000
2017/10/13,1786.239502,1802.823921,1784.093331,1797.555905,5710000
2017/10/16,1785.06897,1798.726727,1781.55688,1789.556495,3838500
2017/10/17,1787.605225,1791.507441,1777.069193,1789.166087,3516500
2017/10/18,1776.679321,1796.190406,1772.582041,1787.215355,3454500
2017/10/19,1778.0448,1782.92257,1772.191475,1779.020354,2600000
2017/10/20,1781.361694,1782.337248,1762.631104,1763.996785,3528500
2017/10/23,1783.117676,1790.141617,1776.093615,1789.751372,3659000
2017/10/24,1792.873413,1794.434276,1781.752072,1783.312935,2983500
2017/10/25,1787.605225,1794.629166,1781.946964,1794.043857,2939000
2017/10/26,1785.06897,1789.94674,1779.020463,1783.70317,2518000
2017/10/27,1791.50769,1792.092999,1777.069441,1791.117445,3963000
2017/10/30,1819.603394,1830.529671,1780.191105,1788.1906,7994000
2017/10/31,1766.533325,1791.11724,1761.070127,1787.410087,6099000
2017/11/1,1785.459106,1787.995642,1763.021362,1777.654673,4230000
2017/11/2,1783.312744,1801.06778,1779.605591,1795.019392,2554500
2017/11/3,1783.312744,1783.312744,1783.312744,1783.312744,0
2017/11/6,1832.090454,1843.797102,1800.48248,1804.774941,6788500
2017/11/7,1828.383179,1836.577856,1820.383684,1831.505023,3502000
2017/11/8,1862.7229,1863.113146,1832.675788,1836.96825,5105000
2017/11/9,1879.307129,1903.305732,1853.747544,1873.06356,6853000
2017/11/10,1878.331665,1899.403607,1861.357002,1889.062759,3645000
2017/11/13,1870.136963,1880.087566,1862.722777,1866.820056,2733500
2017/11/14,1862.918091,1871.307832,1850.626133,1870.137215,3371000
2017/11/15,1830.724976,1868.381344,1821.359679,1855.309013,4291000
2017/11/16,1851.601563,1861.16204,1815.115818,1818.237662,3982000
2017/11/17,1861.161987,1866.234821,1847.894358,1863.113095,2756500
2017/11/20,1881.648682,1882.624236,1846.918863,1848.284662,2640500
2017/11/21,1876.966187,1889.258145,1873.454215,1881.648894,2776000
2017/11/22,1855.698853,1888.477564,1851.601573,1888.477564,2936000
2017/11/23,1855.698853,1855.698853,1855.698853,1855.698853,0
2017/11/24,1867.60083,1870.722556,1853.943072,1857.455043,1873000
2017/11/27,1864.869263,1875.79554,1861.162228,1872.088387,2211500
2017/11/28,1865.259399,1873.844323,1855.308795,1866.625199,2270500
2017/11/29,1882.038696,1882.038696,1865.064152,1873.063647,2716000
2017/11/30,1949.351929,1960.863513,1927.889741,1931.596894,13309000
2017/12/1,1966.717041,1970.619257,1942.523252,1953.059284,5006500
2017/12/4,1973.546021,1995.008212,1970.619358,1970.619358,3752500
2017/12/5,1995.007813,1996.95892,1968.667856,1981.350057,3653500
2017/12/6,1996.959229,2026.225851,1992.081458,2005.739215,4164000
2017/12/7,2036.956665,2036.956665,2007.690046,2011.592262,3515500
2017/12/8,2079.881348,2079.881348,2046.712508,2046.712508,5774000
2017/12/11,2081.83252,2116.952468,2050.614787,2113.050252,5144500
2017/12/12,2064.272461,2091.587976,2051.590258,2079.881326,4133500
2017/12/13,2087.686035,2088.661589,2061.346071,2067.199396,3409000
2017/12/14,2075.003418,2106.221147,2064.272324,2089.636728,3582000
2017/12/15,2070.125488,2081.832136,2054.516625,2073.05215,3999000
2017/12/18,2076.954346,2082.807669,2060.369929,2077.9299,2392500
2017/12/19,2062.321289,2079.881262,2062.321289,2079.881262,2484000
2017/12/20,2032.078735,2053.540921,2018.420981,2051.589813,3890000
2017/12/21,2033.054688,2040.85912,1993.056971,2005.739173,4050000
2017/12/22,2023.299438,2031.103872,2006.715017,2019.397222,2291000
2017/12/25,2015.494873,2028.177077,2010.617102,2014.519319,2226000
2017/12/26,2015.494873,2033.054848,2013.543765,2017.445981,1361000
2017/12/27,2037.932739,2043.786065,2019.397209,2029.152751,1648000
2017/12/28,2022.323975,2052.566157,2019.397312,2048.66394,1638000
2017/12/29,2003.787964,2025.250152,2001.836856,2019.396828,1683500
2018/1/1,2003.787964,2003.787964,2003.787964,2003.787964,0
2018/1/2,2003.787964,2003.787964,2003.787964,2003.787964,0
2018/1/3,2003.787964,2003.787964,2003.787964,2003.787964,0
2018/1/4,2035.981445,2035.981445,2007.690376,2021.348134,2535000
2018/1/5,2023.299438,2036.957197,2011.592788,2035.981643,3231000
2018/1/8,2023.299438,2023.299438,2023.299438,2023.299438,0
2018/1/9,2019.396973,2029.152514,2000.861445,2029.152514,3416500
2018/1/10,2001.837036,2016.470348,1994.032603,2015.494794,2702500
2018/1/11,2135.488281,2135.488281,2015.495107,2017.446215,9557000
2018/1/12,2095.490479,2131.585985,2065.248297,2130.610431,5442500
2018/1/15,2121.830811,2127.684137,2078.906417,2096.466396,3001000
2018/1/16,2131.586182,2141.341725,2093.539563,2118.903976,3215000
2018/1/17,2140.365234,2158.900758,2113.049725,2116.951941,3587000
2018/1/18,2134.512451,2204.752349,2129.63468,2198.899024,5100000
2018/1/19,2133.537354,2146.21956,2119.879593,2132.561799,2733500
2018/1/22,2115.976318,2132.560734,2103.294118,2128.658519,2300000
2018/1/23,2147.194336,2151.096552,2119.878824,2119.878824,2235500
2018/1/24,2141.340576,2161.827206,2135.487253,2148.169453,2374500
2018/1/25,2138.414307,2150.120954,2121.829889,2126.707659,1659500
2018/1/26,2151.096436,2161.827529,2128.658695,2140.365342,2404500
2018/1/29,2169.63208,2210.605348,2165.729864,2172.558742,4712500
2018/1/30,2148.169434,2183.28937,2132.560573,2177.436047,4298000
2018/1/31,2079.881348,2111.099079,2034.030305,2089.636889,8560000
2018/2/1,2135.488281,2139.390498,2075.979471,2097.441665,4111000
2018/2/2,2124.756836,2144.267918,2097.441321,2135.487931,2937500
2018/2/5,2073.05249,2101.34356,2073.05249,2086.710248,3333000
2018/2/6,1963.790283,2007.690215,1933.548108,1955.985851,8615500
2018/2/7,1969.643677,2072.076855,1967.692569,2052.565773,5569000
2018/2/8,1992.081299,2010.616825,1979.399097,1984.276867,3209000
2018/2/9,2002.812744,2003.788298,1933.353334,1935.694568,4945000
2018/2/12,2002.812744,2002.812744,2002.812744,2002.812744,0
2018/2/13,2012.567871,2042.810045,2004.763439,2015.494533,4059500
2018/2/14,2009.641724,2020.37282,1992.081747,2010.617278,2855500
2018/2/15,2017.445801,2046.712423,2005.739152,2021.348017,2801000
2018/2/16,2041.834961,2055.49272,2016.470551,2025.250539,2849000
2018/2/19,2098.417236,2099.392791,2056.468403,2070.126162,2424500
2018/2/20,2080.856689,2102.318878,2072.076703,2099.392216,2459500
2018/2/21,2095.490479,2113.050455,2085.734936,2097.441587,2129500
2018/2/22,2092.563965,2110.123942,2075.003988,2098.417291,2622500
2018/2/23,2078.905273,2101.343012,2077.92972,2092.563027,2519000
2018/2/26,2075.978516,2086.709608,2059.394101,2078.905177,2020500
2018/2/27,2041.834961,2088.661563,2035.981636,2087.686009,3368000
2018/2/28,2033.054688,2063.296864,2032.079133,2034.030242,3224000
2018/3/1,1998.910156,2033.054546,1993.056832,2027.201222,3267000
2018/3/2,2008.666138,2016.470571,1965.741752,1970.619523,2897500
2018/3/5,2018.421631,2032.07939,1990.130559,1991.106113,2691500
2018/3/6,2039.884033,2051.590685,2027.201827,2039.884033,2835500
2018/3/7,2020.372803,2047.688321,2018.421694,2029.152791,2248500
2018/3/8,2009.641724,2036.957242,2002.812844,2036.957242,1800500
2018/3/9,2013.543579,2042.810201,1999.885822,2035.005768,3539500
2018/3/12,2027.201294,2036.956834,2014.519091,2036.956834,2630500
2018/3/13,2038.907715,2038.907715,2019.396636,2019.396636,1793000
2018/3/14,2024.274536,2039.8834,2014.518996,2029.152306,2308500
2018/3/15,2039.884033,2041.835142,2013.544067,2019.397393,1787000
2018/3/16,2043.785889,2056.468092,2039.883672,2048.663659,3039000
2018/3/19,2022.323975,2044.761723,2011.592878,2043.786168,1918500
2018/3/20,2024.274536,2024.274536,1995.98347,2010.61678,1788500
2018/3/21,2024.274536,2024.274536,2024.274536,2024.274536,0
2018/3/22,2073.05249,2075.979153,2019.397014,2019.397014,3110500
2018/3/23,2031.103394,2053.541135,2024.274516,2034.030056,4287000
2018/3/26,2015.494873,2033.054848,1993.057128,2025.250415,4022000
2018/3/27,2084.759521,2084.759521,2025.25071,2029.152927,7601500
2018/3/28,2091.601318,2092.578702,2041.754745,2052.505967,4271000
2018/3/29,2109.193848,2123.854602,2091.600943,2098.442628,2859000
2018/3/30,2123.854004,2134.605221,2112.125404,2126.786154,3018500
2018/4/2,2067.16626,2114.080671,2066.188876,2099.419918,3028500
2018/4/3,2116.0354,2118.967551,2044.686401,2052.505469,4003000
2018/4/4,2117.012939,2124.832008,2075.962827,2117.012939,3696000
2018/4/5,2138.515137,2152.198506,2114.080549,2125.809151,3355500
2018/4/6,2134.605957,2159.040549,2127.764271,2137.538108,2857500
2018/4/9,2182.497314,2198.13545,2125.809073,2134.605524,3606500
2018/4/10,2163.927246,2219.63811,2163.927246,2182.497534,4049500
2018/4/11,2098.442383,2165.881845,2093.555465,2163.927078,3678500
2018/4/12,2103.329346,2117.012715,2083.781675,2100.397195,1993000
2018/4/13,2068.143555,2109.193663,2064.234021,2109.193663,2719500
2018/4/16,2113.103271,2133.628326,2092.578217,2099.419902,2508000
2018/4/17,2102.352051,2112.125886,2092.578215,2110.171119,1574500
2018/4/18,2111.148926,2135.58352,2102.352472,2105.284623,2876500
2018/4/19,2083.781982,2120.922562,2081.827215,2120.922562,2479000
2018/4/20,2108.216309,2118.967528,2085.736487,2085.736487,1837000
2018/4/23,2105.28418,2120.922317,2100.397262,2116.035399,1382500
2018/4/24,2121.899414,2122.876797,2103.329129,2111.148196,1762000
2018/4/25,2133.628174,2138.515091,2115.057887,2116.035271,1689500
2018/4/26,2130.696045,2134.605579,2117.990059,2130.696045,2086500
2018/4/27,2133.628174,2143.402009,2084.758999,2107.238819,3774500
2018/4/30,2133.628174,2133.628174,2133.628174,2133.628174,0
2018/5/1,2128.741211,2134.605512,2112.125692,2125.809061,1676500
2018/5/2,2147.311279,2148.288663,2123.854078,2130.695762,1983000
2018/5/3,2147.311279,2147.311279,2147.311279,2147.311279,0
2018/5/4,2147.311279,2147.311279,2147.311279,2147.311279,0
2018/5/7,2196.18042,2199.11257,2150.243402,2150.243402,3431500
2018/5/8,2244.07251,2245.049893,2185.4295,2195.203335,4489000
2018/5/9,2221.592529,2241.140198,2214.750845,2220.615146,2504000
2018/5/10,2194.226074,2210.841595,2166.859335,2209.864211,2624000
2018/5/11,2223.547119,2226.479269,2189.338702,2189.338702,1935500
2018/5/14,2242.11792,2245.050071,2228.43455,2234.298851,2012000
2018/5/15,2210.841553,2237.230908,2208.886786,2237.230908,2628000
2018/5/16,2190.316406,2228.434362,2190.316406,2213.77361,2472500
2018/5/17,2188.362061,2210.841885,2185.42991,2202.045432,2092000
2018/5/18,2215.728516,2216.705899,2189.33916,2203.999913,1832500
2018/5/21,2203.022705,2223.547761,2199.113171,2216.706076,1581000
2018/5/22,2200.090088,2203.022238,2160.994751,2193.248404,3016500
2018/5/23,2186.407227,2196.181063,2168.814321,2185.429843,2283000
2018/5/24,2164.905029,2182.497937,2155.131192,2169.791948,2782000
2018/5/25,2181.520996,2182.49838,2149.267325,2155.131629,2248000
2018/5/28,2194.226074,2209.864211,2181.520088,2201.067759,2412000
2018/5/29,2185.429932,2200.090687,2176.633478,2189.339466,2334500
2018/5/30,2163.927246,2180.542767,2156.108177,2170.768931,3131500
2018/5/31,2179.565918,2191.294524,2163.927777,2166.859928,10223000
2018/6/1,2164.905029,2192.271775,2161.972878,2163.927646,2652500
2018/6/4,2174.678223,2190.316358,2173.700839,2183.474674,1514000
2018/6/5,2180.54248,2188.361548,2170.768646,2173.700796,1637000
2018/6/6,2197.157959,2200.090109,2174.67814,2189.338892,2471000
2018/6/7,2191.293945,2206.932082,2184.45226,2206.932082,2400500
2018/6/8,2196.18042,2204.97687,2179.564903,2179.564903,3538500
2018/6/11,2203.999756,2211.818824,2196.180688,2199.112838,1838000
2018/6/12,2251.891846,2256.778764,2209.86435,2212.796501,3870500
2018/6/13,2316.398682,2326.172516,2257.755677,2257.755677,4275500
2018/6/14,2281.213379,2316.399189,2275.349077,2304.670586,3097500
2018/6/15,2337.900879,2343.765179,2319.330596,2339.855646,7457500
2018/6/18,2352.562012,2361.358463,2318.35359,2349.629861,5288000
2018/6/19,2324.217773,2390.679846,2323.24039,2365.267877,4135000
2018/6/20,2321.285889,2368.200298,2302.715602,2357.449079,3237000
2018/6/21,2310.534912,2322.263516,2271.439567,2312.489679,3488500
2018/6/22,2312.489502,2317.37642,2290.987064,2297.828749,1805000
2018/6/25,2291.964111,2314.44393,2286.099811,2313.466546,1530000
2018/6/26,2256.77832,2287.077206,2249.936636,2276.325989,2586500
2018/6/27,2290.008789,2299.782621,2258.732527,2264.596826,3267000
2018/6/28,2261.665527,2283.167965,2252.869075,2277.303664,2351000
2018/6/29,2272.416748,2290.987035,2250.91431,2287.077501,2241500
2018/7/2,2207.908936,2268.506702,2206.931552,2263.619785,2586000
2018/7/3,2207.908936,2233.320902,2195.202952,2211.818469,2395500
2018/7/4,2247.981934,2251.891467,2190.31631,2200.090145,2226500
2018/7/5,2229.411621,2262.642658,2218.660403,2259.710508,2327500
2018/7/6,2210.841553,2242.117826,2203.022484,2238.208292,2273000
2018/7/9,2233.321289,2243.095124,2210.841469,2224.524838,1551000
2018/7/10,2219.637939,2252.868979,2219.637939,2244.072527,2921500
2018/7/11,2235.275879,2240.162796,2210.841293,2210.841293,2119500
2018/7/12,2229.411621,2258.733124,2225.502087,2228.434238,2314000
2018/7/13,2255.800781,2258.732931,2232.343581,2241.140031,1799000
2018/7/16,2255.800781,2255.800781,2255.800781,2255.800781,0
2018/7/17,2299.783203,2304.67012,2262.642633,2262.642633,2018000
2018/7/18,2309.557129,2322.263114,2295.87376,2316.398813,1550000
2018/7/19,2256.77832,2309.557025,2256.77832,2309.557025,2632000
2018/7/20,2265.574951,2276.32617,2246.027281,2257.755883,1836500
2018/7/23,2267.529785,2276.326237,2254.823799,2261.665484,1309500
2018/7/24,2255.800781,2274.371065,2253.846015,2272.416298,1267000
2018/7/25,2240.162842,2261.665277,2239.185458,2259.710511,1553500
2018/7/26,2262.642578,2276.325946,2253.846127,2261.665195,2119000
2018/7/27,2272.416748,2276.326282,2252.869077,2275.348899,1718000
2018/7/30,2271.439453,2271.439453,2256.778699,2271.439453,1643000
2018/7/31,2371.132813,2387.748335,2283.168281,2285.123048,8148000
2018/8/1,2373.087646,2400.45439,2347.67567,2378.951949,3607000
2018/8/2,2371.132813,2410.22816,2367.223278,2384.816184,2652500
2018/8/3,2351.584961,2374.064784,2342.788508,2370.155249,1922500
2018/8/6,2334.969238,2367.222895,2333.014471,2347.675224,1241000
2018/8/7,2386.770508,2386.770508,2338.878716,2354.516852,2287500
2018/8/8,2404.36377,2437.594814,2402.409002,2411.205455,4083000
2018/8/9,2394.5896,2413.159886,2385.793148,2397.52175,2109000
2018/8/10,2418.046631,2421.956165,2386.770361,2404.363263,2506500
2018/8/13,2388.724854,2421.955887,2384.81532,2414.13682,2215000
2018/8/14,2414.136719,2416.091485,2385.792603,2398.498586,1885000
2018/8/15,2351.584961,2405.341059,2325.195604,2396.544607,3938000
2018/8/16,2309.557129,2338.878633,2307.602362,2326.172648,3176000
2018/8/17,2292.941406,2325.195058,2290.009256,2320.308141,2574500
2018/8/20,2323.240967,2325.195734,2296.851608,2303.693294,1912000
2018/8/21,2296.851318,2317.376373,2294.896551,2316.398989,2961000
2018/8/22,2263.620605,2295.874267,2258.733687,2292.942116,3111000
2018/8/23,2296.851318,2302.71562,2278.281031,2278.281031,1889000
2018/8/24,2321.285889,2325.195423,2295.873917,2312.489437,1697500
2018/8/27,2333.991943,2340.833628,2321.285957,2333.991943,1507500
2018/8/28,2315.421143,2340.83311,2304.669926,2339.855726,2249000
2018/8/29,2312.489502,2336.924091,2311.512118,2325.195488,2003500
2018/8/30,2292.941406,2320.308141,2290.986639,2319.330757,3120500
2018/8/31,2327.150146,2338.878749,2293.919107,2295.873874,3619000
2018/9/3,2310.534912,2321.286132,2304.67061,2316.399214,1790000
2018/9/4,2324.217773,2330.082074,2295.873654,2307.602255,1942000
2018/9/5,2304.669922,2343.765256,2302.715155,2337.900956,2600500
2018/9/6,2284.145508,2296.851495,2279.25859,2293.919344,2273000
2018/9/7,2301.738037,2305.647571,2279.258218,2285.122518,1748500
2018/9/10,2261.665527,2308.579938,2259.71076,2308.579938,2639000
2018/9/11,2259.710693,2281.213131,2243.095174,2265.574994,2971000
2018/9/12,2209.864014,2258.733187,2199.112796,2258.733187,4283000
2018/9/13,2220.61499,2247.981724,2203.999473,2207.909007,3376000
2018/9/14,2203.999756,2242.117712,2202.044989,2229.411726,4189500
2018/9/17,2203.999756,2203.999756,2203.999756,2203.999756,0
2018/9/18,2267.529785,2274.37147,2184.452185,2199.112938,3831000
2018/9/19,2288.054688,2309.557124,2272.416552,2295.873755,2872500
2018/9/20,2272.416748,2289.032268,2255.801228,2288.054885,2675500
2018/9/21,2287.078125,2308.580569,2282.191206,2292.942428,4658000
2018/9/24,2287.078125,2287.078125,2287.078125,2287.078125,0
2018/9/25,2335.946777,2335.946777,2284.145447,2287.077598,6875000
2018/9/26,2333.009766,2345.737053,2298.743991,2338.883898,3936000
2018/9/27,2325.17749,2362.38033,2322.240424,2332.030645,2523000
2018/9/28,2326.156738,2340.842071,2313.42945,2326.156738,3212500
2018/10/1,2292.869873,2321.261515,2292.869873,2315.387382,2093000
2018/10/2,2371.191406,2377.065539,2302.659863,2311.471061,5878000
2018/10/3,2284.05835,2345.736736,2284.05835,2337.90456,5298000
2018/10/4,2238.044189,2299.722573,2232.170058,2298.743551,3851000
2018/10/5,2225.317627,2263.499496,2223.359582,2240.002961,3419500
2018/10/8,2225.317627,2225.317627,2225.317627,2225.317627,0
2018/10/9,2185.177246,2228.254217,2176.366048,2215.52693,3582000
2018/10/10,2202.799561,2214.547825,2181.261076,2195.946406,2527500
2018/10/11,2147.974365,2168.533828,2138.184145,2151.890453,4495500
2018/10/12,2107.834473,2147.974377,2100.981318,2143.079266,3830500
2018/10/15,2082.380127,2127.415146,2081.401105,2110.771769,3241000
2018/10/16,2075.526611,2083.358787,2048.113996,2066.715413,2679000
2018/10/17,2109.791992,2110.771014,2087.274491,2105.875905,2322000
2018/10/18,2140.14209,2149.93231,2114.687518,2115.66654,2734500
2018/10/19,2123.499023,2127.415112,2096.086403,2119.582935,2102000
2018/10/22,2118.60376,2129.373003,2093.149186,2098.044296,1875000
2018/10/23,2061.820313,2111.750434,2061.820313,2109.79239,2822500
2018/10/24,2062.799561,2070.631737,2035.386942,2055.946406,2683500
2018/10/25,2000.141968,2033.428716,1998.183924,2002.100012,3260500
2018/10/26,1985.456543,2016.785246,1969.792192,2007.974048,3251500
2018/10/29,1967.834351,2002.100123,1966.855329,1977.624571,1993000
2018/10/30,1987.414551,1993.288682,1953.344539,1958.043892,4424000
2018/10/31,2078.464355,2078.464355,1984.478214,1993.289415,5963500
2018/11/1,2035.386597,2093.148891,2029.512465,2085.316715,2952500
2018/11/2,2046.155762,2047.134784,2013.848039,2033.428477,2914000
2018/11/5,2034.407471,2044.19769,2006.994858,2043.218668,2172000
2018/11/6,2061.820313,2061.820313,2029.512587,2043.218895,1627500
2018/11/7,2103.918457,2117.624766,2069.652684,2074.547795,3605500
2018/11/8,2132.310059,2146.016368,2114.687661,2144.058323,2193500
2018/11/9,2141.121582,2156.785937,2126.436249,2137.205493,1832500
2018/11/12,2145.037354,2155.806596,2130.352022,2137.205177,1500000
2018/11/13,2129.373291,2133.28938,2100.981647,2105.876758,2534000
2018/11/14,2112.729492,2146.995262,2104.897316,2126.4358,2318500
2018/11/15,2107.834473,2111.750561,2057.904348,2057.904348,3125000
2018/11/16,2117.624756,2133.289109,2095.107248,2103.918447,1818500
2018/11/19,2137.205078,2138.1841,2101.960285,2105.876373,1606500
2018/11/20,2146.016357,2156.7856,2117.624718,2123.49885,1920000
2018/11/21,2116.645752,2128.394017,2088.254111,2094.128244,2027500
2018/11/22,2150.911621,2152.869665,2123.499001,2124.478024,1555000
2018/11/23,2150.911621,2150.911621,2150.911621,2150.911621,0
2018/11/26,2132.310059,2160.701698,2131.331037,2150.911478,1917000
2018/11/27,2136.22583,2157.764312,2130.351699,2153.848225,1650500
2018/11/28,2152.869629,2155.806695,2132.310165,2142.100386,2029000
2018/11/29,2166.576172,2190.072705,2156.78595,2171.471283,2009500
2018/11/30,2211.610596,2228.253969,2172.449718,2175.386783,7089000
2018/12/3,2253.70874,2274.268203,2235.107321,2237.065366,3172500
2018/12/4,2205.736084,2260.561304,2205.736084,2253.708152,2587000
2018/12/5,2203.778076,2211.610251,2156.78503,2161.680139,2132500
2018/12/6,2154.827881,2198.88388,2146.995703,2187.135614,2334500
2018/12/7,2185.177246,2203.778665,2168.533871,2168.533871,3037000
2018/12/10,2126.436035,2149.932566,2116.645814,2141.121367,1934000
2018/12/11,2133.288818,2156.785345,2123.498599,2135.246862,1738000
2018/12/12,2171.471191,2182.240435,2154.827814,2156.785859,2290000
2018/12/13,2201.820313,2212.589554,2172.449655,2193.009115,2376500
2018/12/14,2203.778076,2234.127752,2194.96688,2213.568294,3472500
2018/12/17,2222.380371,2232.170593,2203.778949,2211.611127,2331500
2018/12/18,2192.030273,2208.673648,2184.198097,2195.946361,3086500
2018/12/19,2231.191406,2238.044561,2209.65292,2223.359229,3384000
2018/12/20,2205.736084,2237.064781,2195.945866,2211.610215,4007500
2018/12/21,2167.554932,2195.946573,2140.142313,2192.030484,5266500
2018/12/24,2167.554932,2167.554932,2167.554932,2167.554932,0
2018/12/25,2016.785645,2095.107417,2009.932489,2079.443063,3612500
2018/12/26,2057.904053,2099.022973,2024.617308,2026.575352,2881500
2018/12/27,2187.135254,2198.883518,2116.645666,2152.869482,3795500
2018/12/28,2164.618164,2195.946876,2139.163586,2188.114698,3356000
2018/12/31,2164.618164,2164.618164,2164.618164,2164.618164,0
2019/1/4,2164.618164,2164.618164,2112.729986,2119.583141,3704500
2019/1/7,2204.757568,2231.191163,2179.302996,2223.358987,2714500
2019/1/8,2166.576172,2228.254572,2164.618127,2218.46435,3159000
2019/1/9,2158.743652,2200.841601,2158.743652,2186.15627,2112000
2019/1/10,2185.177246,2186.156268,2140.142231,2153.84854,2627000
2019/1/11,2173.428955,2193.988418,2169.512867,2192.030374,2117500
2019/1/15,2143.07959,2175.387322,2131.331323,2148.953723,2712000
2019/1/16,2171.471191,2173.429236,2133.289326,2144.05857,2397500
2019/1/17,2184.197754,2196.925038,2163.638295,2175.386557,1678500
2019/1/18,2193.988281,2208.673611,2179.302951,2183.219039,1878000
2019/1/21,2167.554932,2203.778749,2166.57591,2202.799727,2133000
2019/1/22,2167.554932,2180.282219,2159.722755,2173.429064,1413500
2019/1/23,2158.743652,2173.428983,2154.827564,2163.638763,1491000
2019/1/24,2148.953369,2154.827501,2135.247061,2152.869457,1635500
2019/1/25,2133.288818,2149.932191,2112.729358,2136.225884,2521500
2019/1/28,2119.582764,2139.163205,2107.834499,2115.666675,1664000
2019/1/29,2145.037354,2146.016376,2113.708647,2118.603758,1533500
2019/1/30,2137.205078,2148.953342,2124.477792,2144.058232,2540000
2019/1/31,2179.30249,2212.589231,2157.764011,2180.281512,4513000
2019/2/1,2240.002686,2244.897796,2174.408201,2179.303312,3890500
2019/2/4,2265.45752,2295.80721,2248.814141,2248.814141,3334000
2019/2/5,2258.604004,2273.289336,2241.960628,2269.373247,2071500
2019/2/6,2287.974365,2300.701651,2279.163167,2285.037299,2666500
2019/2/7,2272.310059,2297.764631,2254.687663,2294.827565,2158000
2019/2/8,2306.575928,2320.282236,2279.163311,2285.037443,4310500
2019/2/12,2343.778809,2349.652941,2310.492059,2320.282279,4237000
2019/2/13,2333.009766,2349.653142,2321.2615,2347.695098,2865500
2019/2/14,2336.925293,2342.799424,2316.365833,2328.114096,1607000
2019/2/15,2357.485107,2358.464129,2306.575961,2317.345203,3481000
2019/2/18,2375.107666,2393.709086,2364.338423,2384.897887,2382000
2019/2/19,2388.814209,2388.814209,2367.27572,2379.023987,2369500
2019/2/20,2405.457275,2405.457275,2391.750966,2398.604121,2176000
2019/2/21,2413.289551,2425.037816,2409.373462,2410.352484,2526000
2019/2/22,2390.771973,2418.184592,2390.771973,2393.709039,1864500
2019/2/25,2383.918213,2400.561584,2362.379732,2397.624519,2651000
2019/2/26,2386.855957,2396.646178,2374.128669,2388.814001,1838000
2019/2/27,2384.897949,2412.310569,2384.897949,2387.835016,2993500
2019/2/28,2394.687988,2405.457231,2384.897768,2391.750922,2808000
2019/3/1,2379.022949,2402.519472,2379.022949,2385.876102,2295000
2019/3/4,2375.107666,2398.604197,2365.317445,2398.604197,2174500
2019/3/5,2397.625488,2397.625488,2363.35971,2372.17091,2315500
2019/3/6,2428.954102,2428.954102,2399.583435,2407.415613,3291500
2019/3/7,2430.911621,2440.701841,2419.163357,2434.827709,2458500
2019/3/8,2448.534424,2448.534424,2413.289626,2418.184737,4798000
2019/3/11,2428.954102,2449.513568,2418.184857,2446.576501,1839000
2019/3/12,2451.471191,2459.303368,2433.848795,2442.659993,2001500
2019/3/13,2446.575684,2458.323946,2431.890355,2454.407859,1516500
2019/3/14,2400.562256,2436.786075,2394.688123,2434.82803,2842500
2019/3/15,2401.54126,2413.289525,2380.002773,2404.478326,3565500
2019/3/18,2388.814209,2411.33172,2385.877142,2407.415631,1619000
2019/3/19,2379.022949,2398.603385,2373.148818,2398.603385,1457000
2019/3/20,2414.268799,2416.226843,2355.527466,2369.233777,3004000
2019/3/22,2426.017334,2430.912446,2405.457865,2412.311021,2608000
2019/3/25,2401.54126,2422.100724,2394.688105,2401.54126,2440500
2019/3/26,2472.030518,2493.569001,2424.05844,2427.974528,6392000
2019/3/27,2488.114746,2492.03767,2442.020385,2464.5772,3181000
2019/3/28,2454.77002,2475.365373,2444.962708,2475.365373,2272000
2019/3/29,2465.557861,2484.191751,2454.76982,2469.480786,2359500
2019/4/1,2491.056885,2519.498085,2477.32665,2491.056885,2756000
2019/4/2,2443.982178,2529.305793,2443.001447,2523.421406,3122000
2019/4/3,2444.962891,2456.731665,2419.463879,2451.828009,1625000
2019/4/4,2407.695068,2430.251886,2403.772144,2426.328961,1960500
2019/4/5,2407.695068,2421.425305,2401.810681,2412.598724,3171500
2019/4/8,2413.579346,2425.348119,2389.061067,2401.810572,1830500
2019/4/9,2423.386963,2439.078663,2409.656725,2432.213544,1083000
2019/4/10,2435.154785,2449.865748,2417.501629,2423.386015,1106500
2019/4/11,2446.924316,2449.86651,2432.213349,2441.039929,836000
2019/4/12,2462.615723,2462.615723,2435.155253,2453.789143,1697000
2019/4/15,2466.538574,2498.902699,2459.673457,2485.172464,2191500
2019/4/16,2453.789063,2473.403683,2444.962483,2466.538566,1670000
2019/4/17,2444.962891,2461.635321,2438.097772,2461.635321,1638000
2019/4/18,2439.078125,2457.712015,2433.193739,2443.98178,2061500
2019/4/19,2430.251709,2449.866331,2422.40586,2436.136096,1086000
2019/4/22,2465.557861,2465.557861,2406.713998,2417.50204,2065000
2019/4/23,2461.635254,2473.404028,2452.808673,2452.808673,2160500
2019/4/24,2463.596436,2491.056905,2461.634973,2473.403746,2664500
2019/4/25,2476.345947,2486.153258,2449.866208,2463.596443,2937500
2019/4/26,2406.714111,2452.808473,2366.504136,2440.058969,6540000
2019/5/7,2467.519287,2473.403673,2408.675425,2444.962473,4732500
2019/5/8,2417.502441,2459.673884,2412.598785,2440.059259,3945000
2019/5/9,2421.425293,2446.924304,2400.829938,2444.962841,2821500
2019/5/10,2432.213379,2474.384821,2422.406067,2431.232648,3076000
2019/5/13,2443.982178,2458.693146,2432.213403,2435.155597,1838500
2019/5/14,2455.750244,2457.711706,2417.501738,2431.231971,3068000
2019/5/15,2487.133545,2487.133545,2465.557465,2474.384043,2636000
2019/5/16,2537.151123,2542.054778,2498.902614,2499.883345,4036500
2019/5/17,2587.167969,2595.013816,2538.131427,2549.900197,3705000
2019/5/20,2603.841309,2614.629352,2576.380835,2586.188147,2321500
2019/5/21,2637.186035,2657.781389,2609.725563,2609.725563,3613000
2019/5/22,2552.842773,2663.665376,2551.862042,2663.665376,5080000
2019/5/23,2649.935059,2650.91579,2591.091201,2594.033394,3577500
2019/5/24,2649.935059,2673.472602,2644.050673,2650.91579,2829500
2019/5/27,2647.973877,2657.781188,2635.224373,2651.896801,1085500
2019/5/28,2623.455811,2660.723594,2614.62923,2644.051165,3017000
2019/5/29,2634.243408,2646.01218,2605.80221,2610.705865,2290000
2019/5/30,2616.590332,2628.359104,2606.783022,2623.455449,2290000
2019/5/31,2598.937012,2627.378209,2587.16824,2611.686514,2986000
2019/6/3,2598.937012,2598.937012,2556.765581,2559.707774,2076500
2019/6/4,2526.363037,2607.76371,2525.382306,2605.802248,3111000
2019/6/5,2582.264893,2582.264893,2530.286146,2567.553927,2728500
2019/6/6,2600.898926,2613.64843,2579.322841,2589.130152,1722500
2019/6/7,2638.16626,2638.16626,2600.898484,2618.551641,1986000
2019/6/10,2672.492432,2674.453894,2637.18611,2647.974152,2161500
2019/6/11,2661.704346,2685.241893,2651.897034,2677.396044,1836500
2019/6/12,2633.262939,2656.800485,2633.262939,2645.031712,1578000
2019/6/13,2641.108398,2650.915708,2620.513049,2629.339627,1874000
2019/6/14,2644.050537,2646.99273,2615.609341,2642.089075,1922000
2019/6/17,2630.320801,2646.012498,2623.455683,2630.320801,1725500
2019/6/18,2614.629395,2644.051331,2607.764276,2644.051331,1672500
2019/6/19,2608.744629,2638.166561,2602.860243,2637.18583,1975500
2019/6/20,2622.474609,2638.166305,2612.6673,2615.609493,1638500
2019/6/21,2593.05249,2623.455148,2579.322258,2622.474417,3123500
2019/6/24,2642.089355,2645.031549,2595.014267,2602.860115,2383000
2019/6/25,2642.089355,2660.723245,2628.359121,2630.320583,2061000
2019/6/26,2627.378418,2642.089383,2612.667453,2627.378418,1760500
2019/6/27,2617.571289,2626.397869,2593.053012,2620.513482,2196500
2019/6/28,2616.590332,2625.416911,2598.937174,2609.725215,2426500
2019/7/1,2649.935059,2649.935059,2618.551668,2640.127749,2162500
2019/7/2,2653.858398,2654.83913,2636.205238,2646.01255,1893000
2019/7/3,2704.856201,2704.856201,2655.819649,2657.781111,3702500
2019/7/4,2742.124023,2759.777182,2708.779168,2709.759899,2713500
2019/7/5,2747.0271,2751.930754,2723.489559,2751.930754,2018500
2019/7/8,2715.644531,2740.16281,2712.702338,2734.278423,2027500
2019/7/9,2714.664063,2753.893312,2708.779675,2723.490644,1961000
2019/7/10,2712.702393,2719.567511,2693.087769,2706.818006,2004000
2019/7/11,2709.759766,2740.162427,2708.779035,2724.470731,1682000
2019/7/12,2718.586426,2733.297391,2712.70204,2722.50935,1159500
2019/7/16,2718.586426,2722.50935,2693.087419,2718.586426,1918500
2019/7/17,2775.46875,2775.46875,2720.547814,2725.451469,3124000
2019/7/18,2724.470459,2784.295044,2718.586074,2780.372121,3127000
2019/7/19,2790.179932,2792.141394,2738.201184,2745.066302,2832000
2019/7/22,2735.258545,2777.429975,2734.277814,2777.429975,2612000
2019/7/23,2753.892578,2756.834771,2732.316497,2741.143075,1397000
2019/7/24,2751.931152,2754.873345,2720.547761,2753.892614,1815500
2019/7/25,2759.777588,2768.604169,2737.22077,2739.182233,1500000
2019/7/26,2769.584717,2790.180071,2766.642523,2775.469104,1575000
2019/7/29,2797.045166,2797.045166,2771.546157,2775.469081,1693500
2019/7/30,2820.582764,2826.467151,2799.98741,2810.775452,2139000
2019/7/31,2832.351563,2877.465195,2796.06451,2850.004723,4459000
2019/8/1,2889.233398,2890.214129,2814.697846,2846.081236,3465000
2019/8/2,2877.465088,2883.349475,2855.889003,2865.696315,3390500
2019/8/5,2849.023926,2885.310978,2819.601992,2877.465128,2888000
2019/8/6,2861.773193,2869.619042,2788.218365,2795.083482,3111000
2019/8/7,2937.289551,2941.212475,2871.580569,2873.542031,4273500
2019/8/8,2949.058594,3001.037345,2943.174207,2956.904443,3795500
2019/8/9,2938.270508,2980.441947,2926.501734,2973.576829,2649500
2019/8/13,2929.443359,2960.82675,2918.655319,2923.558974,2803000
2019/8/14,2928.463135,2951.019951,2914.732899,2943.174102,2231500
2019/8/15,2937.289551,2942.193206,2878.445687,2880.407149,2519000
2019/8/16,2975.53833,3014.767576,2959.846632,2965.731019,4243000
2019/8/19,2949.058594,3001.037345,2923.559584,3001.037345,3497500
2019/8/20,2986.326416,2987.307147,2929.444008,2947.097169,2095000
2019/8/21,2974.557129,2983.383708,2956.903971,2967.692012,1742000
2019/8/22,2993.191162,2995.152624,2966.711424,2985.345314,2503000
2019/8/23,3015.748047,3024.574627,3001.037081,3001.037081,2173500
2019/8/26,2992.210938,3006.921906,2974.557776,2981.422894,3017000
2019/8/27,2982.403076,3010.844276,2965.730649,3007.902083,2675000
2019/8/28,3000.056396,3013.786632,2977.499581,2982.403237,2067500
2019/8/29,3016.728516,3020.65144,2993.190972,3001.03682,1976000
2019/8/30,3034.382324,3034.382324,3002.018195,3022.61355,3043000
2019/9/2,3016.728516,3058.899948,3012.805592,3038.304597,2423000
2019/9/3,3048.112305,3054.977422,3012.805985,3016.728909,1972500
2019/9/4,3065.765137,3073.610985,3040.26613,3043.208323,2301000
2019/9/5,3117.744385,3140.301202,3078.515138,3091.264643,4007500
2019/9/6,3132.455322,3145.204827,3110.879237,3135.397516,3043500
2019/9/9,3183.452881,3183.452881,3134.41633,3152.069488,3141000
2019/9/10,3011.825195,3174.626557,2988.287649,3174.626557,8989500
2019/9/11,3038.304688,3042.227612,2891.195035,2904.925269,6928500
2019/9/12,3028.497803,3057.919737,3022.613416,3038.305114,4572000
2019/9/13,3117.744385,3125.590234,3024.574924,3034.382235,6655500
2019/9/17,3075.57251,3107.936634,3064.784468,3107.936634,3958000
2019/9/18,3072.630371,3115.782537,3054.977212,3099.110109,3123500
2019/9/19,3104.013916,3110.879034,3066.746134,3079.495639,4034500
2019/9/20,3124.609131,3143.243021,3109.898165,3132.454979,4751000
2019/9/24,3219.740234,3227.586083,3128.532241,3130.493703,6114000
2019/9/25,3245.239746,3256.02779,3211.894883,3212.875614,4124500
2019/9/26,3220.720703,3265.834331,3212.874855,3264.853599,5399000
2019/9/27,3238.790771,3243.701006,3197.5448,3224.060068,3766500
2019/9/30,3228.970215,3228.970215,3170.047401,3210.311324,3121500
2019/10/1,3204.418701,3240.754433,3196.562327,3227.987824,2471500
2019/10/2,3236.82666,3257.449646,3185.76022,3217.185722,4065000
2019/10/3,3191.6521,3227.987831,3175.939351,3201.472568,3413500
2019/10/4,3227.988037,3227.988037,3184.777975,3201.472772,2525000
2019/10/7,3251.557373,3261.377842,3211.293449,3222.095965,2648500
2019/10/8,3269.234131,3269.234131,3229.952255,3258.431615,3653000
2019/10/9,3335.03125,3335.03125,3256.467499,3260.395686,4678000
2019/10/10,3262.359619,3327.174711,3236.826401,3327.174711,5627000
2019/10/11,3196.562988,3260.396043,3182.81433,3260.396043,6549500
2019/10/15,3267.27002,3282.000723,3223.077909,3240.754753,5225500
2019/10/16,3290.838867,3303.605476,3265.30565,3272.179978,3743500
2019/10/17,3295.749023,3313.425866,3282.982415,3299.677211,2764500
2019/10/18,3237.808594,3295.74936,3218.167656,3295.74936,3977500
2019/10/21,3278.072754,3284.947083,3244.683157,3254.503627,2447000
2019/10/23,3285.928467,3286.910514,3244.682503,3251.55683,2899000
2019/10/24,3255.485596,3302.623849,3255.485596,3298.695661,2650000
2019/10/25,3263.342041,3282.98298,3253.521571,3265.306135,2567000
2019/10/28,3222.095703,3240.754593,3206.382954,3240.754593,3416000
2019/10/29,3223.077881,3255.485428,3218.167646,3229.952209,3936000
2019/10/30,3223.077881,3271.198178,3214.239459,3217.1856,9776500
2019/10/31,3119.962402,3205.400466,3103.267608,3165.136551,8770500
2019/11/1,3120.944824,3137.63962,3061.039968,3104.250028,3594500
2019/11/5,3182.814209,3188.706491,3117.999109,3157.280988,4204000
2019/11/6,3121.926758,3192.634127,3121.926758,3189.687987,4782500
2019/11/7,3065.950684,3084.609576,3040.417462,3073.807059,5724500
2019/11/8,2981.494385,3058.094043,2940.248415,3058.094043,8546500
2019/11/11,3044.345215,3056.129777,2993.278779,2994.260826,4351000
2019/11/12,2983.458252,3020.776031,2981.494158,3011.93761,3880000
2019/11/13,2975.602051,3007.027551,2949.086785,2965.781582,2712000
2019/11/14,2912.750977,2987.386538,2894.092086,2970.691741,6119500
2019/11/15,2938.28418,2962.835351,2906.85868,2906.85868,4415000
2019/11/18,2964.799072,2972.655446,2921.589016,2924.535156,2613500
2019/11/19,3005.063477,3029.614649,2977.566164,2981.494351,4319500
2019/11/20,3021.758545,3048.273813,3004.081699,3024.704686,4182500
2019/11/21,3054.165771,3058.093959,2991.314772,3013.90185,3529000
2019/11/22,3035.50708,3047.291643,3018.812282,3046.309596,2514500
2019/11/25,3009.973633,3045.32732,3001.135211,3035.506851,2254500
2019/11/26,3013.901611,3028.632313,3009.973424,3021.757986,3075500
2019/11/27,3039.434814,3045.327095,3018.811832,3024.704113,1836000
2019/11/28,3006.04541,3044.345237,3001.135176,3044.345237,1939500
2019/11/29,2974.620117,3014.884041,2967.745789,3005.063572,2268500
2019/12/2,2981.494385,3004.081463,2980.512338,2985.422572,1543000
2019/12/3,2967.74585,2974.620178,2947.122864,2960.871521,2049500
2019/12/4,3006.04541,3008.991551,2967.745583,2974.619911,2441500
2019/12/5,2961.853027,3005.063085,2953.014607,3005.063085,2812000
2019/12/6,2953.015381,2966.764039,2932.392393,2952.033334,2286500
2019/12/9,2932.39209,2969.709873,2916.679339,2966.763732,2863500
2019/12/10,2909.804688,2951.050653,2902.93036,2932.391764,3151500
2019/12/11,2892.127686,2913.732714,2859.720143,2912.750667,3380000
2019/12/12,2908.823242,2934.356464,2879.361832,2904.895054,2724500
2019/12/13,2899.984375,2936.320109,2885.253672,2936.320109,3811500
2019/12/16,2905.876709,2931.409928,2905.876709,2906.858756,1494500
2019/12/17,2923.553467,2923.553467,2875.433171,2897.038202,3152500
2019/12/18,2936.320313,2942.212594,2916.679374,2921.589609,2026000
2019/12/19,2921.589355,2938.284152,2904.894559,2923.553449,1679000
2019/12/20,2921.589355,2933.373918,2912.750934,2915.697074,2202500
2019/12/23,2956.942871,2966.763339,2924.535327,2926.499421,2757000
2019/12/24,2936.320313,2954.979204,2924.535749,2949.086923,1624000
2019/12/25,2947.123047,2958.907611,2938.284624,2938.284624,1211000
2019/12/26,2941.230469,2948.104797,2932.392047,2946.140703,1409000
2019/12/27,2965.781738,2977.566301,2953.997175,2961.853551,1626000
2019/12/30,2922.571289,2964.799302,2922.571289,2964.799302,2221500
2020/1/6,2914.714844,2918.643031,2883.289347,2899.002095,2879500
2020/1/7,3027.650635,3031.578822,2921.589568,2925.517756,4895000
2020/1/8,3015.866211,3033.543056,2956.943393,3004.081647,3760000
2020/1/9,3098.357666,3111.124274,3030.596437,3044.345092,4809500
2020/1/10,3125.855225,3147.460256,3092.465631,3103.268146,4325500
2020/1/14,3144.513916,3144.513916,3111.124324,3132.729354,2319000
2020/1/15,3121.926758,3157.280442,3116.034477,3139.6036,2223000
2020/1/16,3103.268066,3135.675613,3084.609176,3134.693566,2649000
2020/1/17,3073.806396,3121.926688,3067.914116,3120.944642,2184500
2020/1/20,3080.681152,3096.393903,3064.968402,3067.914543,1345500
2020/1/21,3026.668213,3110.14219,3018.811839,3097.375582,2940000
2020/1/22,3021.758545,3035.507203,2996.225324,3005.063746,2265500
2020/1/23,3031.578857,3060.058218,3007.027684,3020.776341,2705500
2020/1/24,3088.537598,3089.519645,3033.54297,3052.201861,2808500
2020/1/27,2847.935791,2959.889129,2827.312808,2876.415149,10468000
2020/1/28,2849.900146,2855.792428,2755.623643,2808.654176,6793500
2020/1/29,2824.366699,2845.97173,2771.33617,2843.025589,5649500
2020/1/30,2775.26416,2856.774042,2771.335973,2829.276732,4592500
2020/1/31,2800.797363,2877.397011,2800.797363,2817.492158,6951500
2020/2/3,2752.677002,2778.210217,2728.125834,2749.730862,5587500
2020/2/4,2814.546631,2821.42096,2751.695624,2753.659718,3945500
2020/2/5,2857.756348,2867.576816,2830.259036,2865.612722,3416000
2020/2/6,2921.589355,2925.517543,2866.594732,2887.217716,6001500
2020/2/7,2879.361084,2926.499328,2867.576523,2915.696814,2821000
2020/2/10,2857.756348,2873.469097,2847.935879,2848.917926,2137500
2020/2/12,2863.648926,2895.074428,2847.936174,2895.074428,3375000
2020/2/13,2934.356201,2938.284389,2859.720635,2865.612917,4691500
2020/2/14,2849.900146,2905.876821,2844.989912,2894.092258,3606000
2020/2/17,2728.125732,2785.084441,2710.448892,2777.228067,7246500
2020/2/18,2735.982422,2753.659265,2702.59283,2710.449205,4462000
2020/2/19,2745.802979,2772.318243,2743.838885,2763.479822,3330000
2020/2/20,2709.467773,2777.229019,2706.521632,2762.498313,4431500
2020/2/21,2642.687744,2685.8978,2629.921137,2651.526165,7302500
2020/2/25,2537.609131,2565.106443,2461.009474,2465.919709,10062500
2020/2/26,2493.416748,2523.860198,2487.524467,2510.111543,7439500
2020/2/27,2393.248535,2471.812295,2359.858937,2470.830248,14133000
2020/2/28,2408.960938,2448.242812,2282.276893,2284.240987,24333500
2020/3/2,2535.64502,2548.411629,2386.373895,2390.302083,16800500
2020/3/3,2568.05249,2651.526472,2527.78857,2651.526472,17210000
2020/3/4,2567.070801,2680.98825,2497.345465,2533.681204,14363500
2020/3/5,2626.97583,2644.652677,2592.604184,2619.119454,9898000
2020/3/6,2544.483643,2587.693708,2528.770891,2563.142535,10643500
2020/3/9,2462.973877,2513.058274,2411.907433,2480.650723,11975500
2020/3/10,2582.783203,2591.621625,2372.625178,2432.530036,15409500
2020/3/11,2471.812012,2578.855122,2471.812012,2553.321903,8968500
2020/3/12,2370.661621,2443.333104,2333.343833,2406.015316,17742000
2020/3/13,2388.338135,2502.255579,2209.605593,2258.70794,18758500
2020/3/16,2410.925049,2474.758095,2371.643174,2396.194346,12489500
2020/3/17,2599.478027,2612.244636,2388.337953,2410.925031,17131500
2020/3/18,2726.161865,2800.797421,2660.364731,2665.274965,17521500
2020/3/19,2783.121094,2857.756663,2734.018746,2818.474784,18491500
2020/3/23,2779.192627,2807.671986,2743.83894,2769.372158,11568000
2020/3/24,2735.000732,2867.57707,2723.216169,2850.882272,11439000
2020/3/25,2913.733154,2924.53567,2752.677463,2825.348933,11227000
2020/3/26,2735.982422,2844.989618,2671.167332,2838.11529,13937000
2020/3/27,2749.730957,2821.420371,2695.718385,2784.102594,13206500
2020/3/30,2771.763916,2771.763916,2626.192213,2632.093768,9078500
2020/3/31,2718.649414,2800.287584,2711.764267,2769.796219,6889500
2020/4/1,2568.1604,2706.846964,2563.242437,2692.093074,7534000
2020/4/2,2629.143066,2661.601623,2569.143917,2569.143917,8268500
2020/4/3,2629.143066,2689.142216,2603.569658,2625.208696,6704500
2020/4/6,2704.879639,2704.879639,2582.914157,2607.503972,7543500
2020/4/7,2792.418945,2836.680605,2734.386991,2780.615836,9397000
2020/4/8,2842.58252,2842.58252,2786.517743,2793.402891,7668500
2020/4/9,2778.648682,2855.368893,2719.633134,2850.450931,7151000
2020/4/10,2715.698486,2760.943735,2679.305569,2749.140626,8404000
2020/4/13,2714.714844,2738.32106,2697.993774,2706.846105,3497000
2020/4/14,2755.041992,2755.041992,2704.878786,2710.780339,4429500
2020/4/15,2813.074707,2829.79578,2761.927894,2771.76382,5250000
2020/4/16,2811.107422,2817.008977,2763.894981,2774.714499,4178500
2020/4/17,2848.483643,2905.532003,2836.680534,2852.418012,6580500
2020/4/20,2840.615479,2852.41859,2813.074885,2815.04207,2830500
2020/4/21,2773.730957,2832.746509,2764.878624,2826.844954,4281500
2020/4/22,2786.517334,2798.320443,2743.239267,2768.81267,3923000
2020/4/23,2788.484619,2818.975985,2775.697917,2814.058023,3486000
2020/4/24,2768.812744,2770.779929,2731.436231,2754.058857,3983500
2020/4/27,2772.747559,2787.501448,2751.108521,2769.796781,3151500
2020/4/28,2810.123779,2822.910482,2772.747264,2785.533967,4090000
2020/4/30,2691.108887,2832.746197,2691.108887,2832.746197,12203000
2020/5/1,2680.290039,2734.387636,2667.503334,2708.814227,5107000
2020/5/7,2608.487549,2636.028141,2567.17666,2632.093771,8417500
2020/5/8,2700.945313,2700.945313,2602.586051,2636.0282,5825500
2020/5/11,2809.139893,2820.943001,2719.632984,2738.32124,7983000
2020/5/12,2790.451904,2808.156569,2756.026167,2803.238607,4084500
2020/5/13,2791.435791,2804.222495,2756.026458,2769.796754,4518000
2020/5/14,2799.304199,2828.811974,2785.533904,2801.271384,3503000
2020/5/15,2804.22168,2815.041195,2788.484203,2804.22168,4127500
2020/5/18,2833.72998,2848.483868,2804.222206,2805.205798,2827500
2020/5/19,2989.137207,2990.120799,2884.876416,2901.597486,9947000
2020/5/20,3043.235352,3082.579054,2964.547948,2989.137761,7392000
2020/5/21,2986.186768,3080.611646,2976.350843,3068.808536,6005000
2020/5/22,2990.121338,3042.251743,2974.383857,2996.022893,4119500
2020/5/25,3062.906982,3062.906982,3011.760173,3033.399208,3975000
2020/5/26,3125.856934,3147.495968,3092.414789,3092.414789,6598000
2020/5/27,3100.283203,3127.82379,3060.939508,3121.922236,4942000
2020/5/28,3144.545166,3147.495943,3095.365542,3118.971761,5842000
2020/5/29,3071.759521,3137.660222,3061.923596,3109.136038,6314500
2020/6/1,3055.03833,3084.546105,3029.464925,3041.268035,4387000
2020/6/2,3057.005371,3106.184994,3051.103816,3066.841296,3760000
2020/6/3,3044.21875,3094.381967,3017.661753,3093.398374,4112000
2020/6/4,2991.104736,3060.939803,2972.416479,3058.972618,5447000
2020/6/5,3013.727295,3021.596035,2962.580487,2976.350781,3591000
2020/6/8,3042.251465,3055.038167,3015.694469,3049.136612,3906000
2020/6/9,3048.15332,3057.989246,3035.366617,3048.15332,2682500
2020/6/10,3042.251465,3059.956129,3032.41554,3047.169427,2759000
2020/6/11,3098.316162,3129.79112,3044.218578,3050.120133,6806000
2020/6/12,3056.021729,3090.447464,3027.497548,3043.235027,4758500
2020/6/15,2956.679688,3042.252253,2956.679688,3037.33429,4064500
2020/6/16,2981.269043,2998.973709,2958.646414,2971.433117,4294500
2020/6/17,2981.269043,3003.891672,2963.564377,2985.203413,2992000
2020/6/18,2950.777832,2981.269203,2925.204424,2981.269203,2925000
2020/6/19,2954.712402,2991.105331,2947.827254,2950.778032,4381000
2020/6/22,2945.859619,2958.646322,2922.253398,2948.810397,2512000
2020/6/23,3041.268066,3074.710212,2931.105704,2950.777555,8987000
2020/6/24,2971.432861,3025.530447,2947.826642,3005.858598,5469500
2020/6/25,2854.385498,2936.023677,2843.56598,2931.105715,9225000
2020/6/26,2829.795654,2856.352652,2792.419139,2853.401875,6734000
2020/6/29,2792.418945,2811.107202,2765.861949,2810.123609,4908500
2020/6/30,2801.27124,2842.582122,2786.517354,2837.66416,4055000
2020/7/1,2792.418945,2820.943126,2765.861949,2805.205647,4023000
2020/7/2,2811.107422,2845.53316,2786.517609,2803.238682,4289000
2020/7/3,2768.812744,2818.975959,2745.206525,2810.123627,3643500
2020/7/6,2810.123779,2827.828444,2734.387157,2735.370749,3358500
2020/7/7,2820.943115,2825.861077,2778.64864,2792.418935,2389500
2020/7/8,2777.665039,2824.877476,2777.665039,2816.025144,2483500
2020/7/9,2766.845215,2809.139685,2761.927253,2780.615507,3247500
2020/7/10,2727.501953,2784.550317,2726.518361,2767.829245,3757500
2020/7/13,2754.058594,2759.960148,2718.649269,2746.189855,2680500
2020/7/14,2704.879639,2749.141305,2681.273416,2741.272565,3705500
2020/7/15,2751.108398,2757.009954,2715.699066,2724.551399,3136000
2020/7/16,2778.648682,2780.615867,2731.436244,2749.140908,3713500
2020/7/17,2772.747559,2786.517855,2746.190558,2757.010077,2851000
2020/7/20,2738.321533,2768.812901,2718.649683,2764.878531,2894000
2020/7/21,2793.403076,2797.337447,2753.075778,2757.010149,3029000
2020/7/22,2768.812744,2801.271295,2761.927597,2776.681484,3392500
2020/7/27,2754.058594,2754.058594,2706.846161,2734.386747,3036000
2020/7/28,2678.322754,2747.174239,2668.486828,2745.207053,3784500
2020/7/29,2665.5354,2709.797058,2655.699476,2679.305694,3645500
2020/7/30,2529.800293,2656.683745,2529.800293,2655.700152,7342000
2020/7/31,2492.423096,2577.012041,2458.980955,2529.799606,9303000
2020/8/3,2462.915527,2484.554562,2432.424161,2458.981157,5698000
2020/8/4,2598.651123,2600.618308,2472.751296,2502.259068,5353000
2020/8/5,2596.684082,2598.651267,2535.70135,2577.012233,3311000
2020/8/6,2545.537598,2588.815671,2529.800116,2584.881301,3385000
2020/8/7,2577.996094,2601.602315,2537.668799,2557.34065,3374500
2020/8/11,2683.240234,2689.141789,2596.684098,2601.60206,5716500
2020/8/12,2748.157471,2760.944173,2675.371625,2724.55125,5769500
2020/8/13,2758.976807,2765.861954,2719.633109,2751.108067,3956000
2020/8/14,2769.796631,2803.238778,2752.091965,2775.698186,3951500
2020/8/17,2729.469482,2772.747557,2729.469482,2768.813187,3095500
2020/8/18,2737.337646,2748.157163,2708.813467,2724.550945,2538500
2020/8/19,2776.681885,2778.64907,2710.781181,2718.649922,3018000
2020/8/20,2684.223877,2751.108166,2676.355137,2732.419908,4713500
2020/8/21,2715.698486,2730.452372,2682.256346,2692.09227,3175500
2020/8/24,2695.043457,2713.731715,2662.584904,2696.02705,2836500
2020/8/25,2752.092041,2775.698263,2726.518634,2726.518634,3952000
2020/8/26,2773.730957,2780.616105,2742.255996,2755.042699,2289000
2020/8/27,2755.041992,2778.648207,2749.140438,2778.648207,2128000
2020/8/28,2782.582764,2855.368598,2755.042178,2780.615579,6628500
2020/8/31,2830.779053,2884.876637,2823.893906,2832.746238,4427000
2020/9/1,2810.123779,2851.434664,2805.205817,2818.976112,4007000
2020/9/2,2766.845215,2796.352985,2747.173368,2796.352985,3828000
2020/9/3,2795.369629,2814.057885,2780.615743,2797.336814,2249000
2020/9/4,2793.403076,2800.288225,2763.895297,2776.682001,2049500
2020/9/7,2845.533203,2856.352721,2789.468429,2795.369984,3359000
2020/9/8,2898.646484,2911.433184,2855.368424,2858.3192,5333500
2020/9/9,2868.156006,2875.041154,2845.533376,2862.25445,5837500
2020/9/10,2897.663086,2897.663086,2868.155315,2887.827162,2715000
2020/9/11,2963.563965,2967.498335,2916.351529,2925.20386,5031500
2020/9/14,2905.532227,2934.056409,2889.794747,2918.318929,4074500
2020/9/15,2884.876221,2892.744959,2815.041167,2868.155152,3570000
2020/9/16,2913.401367,2914.38496,2876.024847,2884.877181,2003500
2020/9/17,2907.499512,2935.040102,2906.515919,2920.286215,2625500
2020/9/18,2973.400146,2980.285294,2918.318966,2926.187706,5203000
2020/9/23,2976.351074,2994.05574,2957.662816,2973.400297,3250500
2020/9/24,2965.53125,2987.170284,2960.613288,2973.39999,2384500
2020/9/25,2937.007324,2968.482285,2937.007324,2960.613545,2743000
2020/9/28,2967.498535,2967.498535,2938.974353,2950.777463,4363000
2020/9/29,2953.32251,2964.151359,2945.446983,2958.244714,3159000
2020/9/30,2902.131592,2950.369193,2902.131592,2939.540344,2683000
2020/10/2,2884.411865,2933.633911,2872.598574,2931.665029,2400000
2020/10/5,2940.524658,2947.415744,2912.960316,2926.742487,2244500
2020/10/6,2941.509521,2945.447285,2914.929616,2923.789585,1850000
2020/10/7,2966.120361,2966.120361,2930.68049,2936.587135,2080000
2020/10/8,2969.073975,2975.965061,2960.214006,2973.011739,1926500
2020/10/9,2951.35376,2973.011459,2937.571587,2967.104814,1786500
2020/10/12,2974.980225,2980.88687,2941.509236,2943.478118,1847000
2020/10/13,2987.778076,2997.622485,2971.042581,2981.871431,2543500
2020/10/14,3009.435791,3012.389114,2991.715855,2997.6225,1970500
2020/10/15,2996.637939,3014.357875,2994.669058,2999.591262,2063500
2020/10/16,2934.618164,2996.637937,2933.633723,2985.809088,2700000
2020/10/19,2976.949219,2991.715832,2946.431551,2955.291519,1854500
2020/10/20,2933.633545,2981.871143,2933.633545,2967.104532,2373000
2020/10/21,2973.011719,2986.793892,2948.400695,2948.400695,2449000
2020/10/22,2976.949219,2979.902541,2946.431551,2964.151487,2084500
2020/10/23,3003.529297,3005.498179,2973.011628,2978.918273,2326000
2020/10/26,3022.233643,3030.10917,2988.762651,2988.762651,2391500
2020/10/27,3022.233643,3032.078052,2993.684856,3020.264761,2568500
2020/10/28,3039.953613,3041.922495,3012.389267,3017.311472,1976500
2020/10/29,2998.606934,3028.14016,2995.653611,3022.233515,2755000
2020/10/30,2871.61377,2948.400151,2813.531763,2911.975842,8504000
2020/11/2,2970.05835,2973.011672,2900.163042,2905.085247,4209500
2020/11/4,3042.906738,3058.657792,3009.435749,3020.264598,5893500
2020/11/5,3103.942139,3106.895461,3042.906803,3060.626739,4349000
2020/11/6,3092.128906,3102.957756,3052.75127,3100.988874,3693000
2020/11/9,3120.677979,3130.522389,3108.864686,3110.833568,3491500
2020/11/10,3308.705566,3361.86537,3214.199249,3214.199249,13812000
2020/11/11,3389.429932,3406.165427,3332.332361,3337.254565,8455500
2020/11/12,3386.476807,3386.476807,3333.316996,3341.192524,4173000
2020/11/13,3319.534424,3355.958734,3291.970081,3347.098767,3901500
2020/11/16,3378.60083,3386.476356,3307.721092,3327.409908,4084500
2020/11/17,3412.072021,3445.543011,3380.569914,3396.320968,4353500
2020/11/18,3408.134277,3445.54303,3387.461019,3396.320987,5529000
2020/11/19,3459.324951,3462.278274,3380.569688,3406.165148,4910000
2020/11/20,3404.196289,3416.994019,3334.300992,3408.134052,5414500
2020/11/24,3532.174072,3532.174072,3447.512152,3460.309884,5764000
2020/11/25,3524.297852,3602.06867,3501.655715,3544.971107,4360000
2020/11/26,3528.236084,3547.924901,3513.469471,3521.344998,2138000
2020/11/27,3561.707031,3588.286934,3532.173805,3536.111569,4288000
2020/11/30,3497.718262,3548.909185,3497.718262,3543.986981,5441000
2020/12/1,3504.609131,3553.831169,3491.811401,3543.986762,2238000
2020/12/2,3476.061035,3529.220847,3463.263303,3521.345319,3166500
2020/12/3,3513.469482,3516.422805,3484.920697,3488.858461,2606000
2020/12/4,3543.002686,3543.002686,3494.765083,3503.625051,2088000
2020/12/7,3519.376465,3563.676308,3476.061062,3543.987489,3183500
2020/12/8,3529.220459,3529.220459,3487.873943,3504.609438,1725000
2020/12/9,3538.080566,3539.065007,3490.827404,3496.734049,2060000
2020/12/10,3620.773193,3622.742075,3527.251319,3527.251319,4415000
2020/12/11,3606.991455,3617.820305,3574.504905,3593.209282,3012500
2020/12/14,3591.240234,3660.151094,3587.302471,3597.146879,3243000
2020/12/15,3468.185059,3557.769174,3461.293973,3554.815852,4334000
2020/12/16,3470.153809,3497.718151,3445.542789,3445.542789,2288000
2020/12/17,3466.216064,3487.873762,3436.68284,3471.138268,2322000
2020/12/18,3353.005371,3442.589484,3338.238759,3436.682839,5342500
2020/12/21,3277.203369,3343.160902,3255.545672,3335.285375,4395000
2020/12/22,3199.432617,3235.856927,3166.946071,3223.059197,4061000
2020/12/23,3263.421387,3290.98573,3229.950398,3244.717011,4088500
2020/12/24,3243.732178,3251.607704,3215.183397,3249.638822,2812000
2020/12/25,3252.592285,3302.798764,3244.716759,3248.654522,2063000
2020/12/28,3272.28125,3276.219013,3219.121446,3268.343487,2582500
2020/12/29,3364.818604,3370.725248,3302.798834,3302.798834,3295000
2020/12/30,3354.973877,3380.569335,3348.082792,3376.631572,2425000
2021/1/4,3237.825439,3288.031915,3199.432252,3288.031915,3845500
2021/1/5,3172.853516,3212.231158,3166.946869,3187.620131,3675500
2021/1/6,3173.837646,3195.495348,3157.10215,3163.008796,2801000
2021/1/7,3168.915527,3224.044222,3160.055558,3203.370962,3536000
2021/1/8,3173.837646,3173.837646,3117.724512,3152.179945,3691000
2021/1/12,3187.619141,3187.619141,3137.412662,3169.899207,2564500
2021/1/13,3179.744141,3187.619668,3157.102,3183.681904,2099500
2021/1/14,3242.747803,3247.670006,3158.085899,3175.805832,3506500
2021/1/15,3146.272949,3246.685916,3144.304068,3246.685916,3980000
2021/1/18,3130.522217,3176.790941,3125.600012,3146.273272,1936000
2021/1/19,3177.775391,3186.635359,3137.413312,3143.319957,2250000
2021/1/20,3118.70874,3162.024139,3088.191073,3150.210849,3683500
2021/1/21,3137.41333,3156.117708,3114.771188,3120.677834,3204500
2021/1/22,3150.210449,3164.977061,3091.144003,3110.832819,2551000
2021/1/25,3195.495361,3195.495361,3138.397786,3152.179959,2031500
2021/1/26,3140.366455,3189.5885,3140.366455,3174.821886,2634500
2021/1/27,3145.288086,3175.805748,3121.661509,3175.805748,3555500
2021/1/28,3176.791016,3179.744339,3099.020179,3108.864589,4881500
2021/1/29,3219.121582,3290.985764,3190.572797,3242.748162,5959500
2021/2/1,3207.307861,3224.043354,3165.961351,3179.743521,2589500
2021/2/2,3254.561035,3262.436561,3187.619066,3221.090051,2466500
2021/2/3,3349.067627,3353.00539,3255.54575,3266.374599,4152500
2021/2/4,3348.083496,3423.885445,3331.348001,3356.943464,3695000
2021/2/5,3404.196289,3405.18073,3357.927571,3390.414118,3058500
2021/2/8,3510.516113,3513.469436,3447.511898,3447.511898,4268000
2021/2/9,3531.189697,3548.909634,3468.185476,3498.703146,4354000
2021/2/10,3511.500488,3567.613616,3500.671639,3543.987036,2765500
2021/2/12,3491.811523,3530.204715,3471.138267,3512.48478,2360500
2021/2/15,3497.718262,3534.142572,3475.076123,3503.624907,1949000
2021/2/16,3461.293701,3498.70245,3457.355938,3489.842483,2227500
2021/2/17,3579.426758,3599.115574,3442.589486,3460.309421,4986500
2021/2/18,3613.882324,3669.995452,3575.489131,3583.364658,4087500
2021/2/19,3524.297852,3621.757485,3515.437885,3616.835281,3042000
2021/2/22,3551.862549,3577.458011,3536.111495,3563.675839,2186500
2021/2/24,3599.115479,3627.664261,3527.251302,3548.908999,3689000
2021/2/25,3600.100098,3641.446612,3584.349044,3641.446612,2731500
2021/2/26,3512.485107,3583.364852,3503.625139,3569.582679,3699500
2021/3/1,3551.862549,3560.722516,3515.438238,3540.049259,2170500
2021/3/2,3543.002686,3592.224729,3527.251632,3579.426998,2813000
2021/3/3,3495.749023,3537.095534,3479.013531,3537.095534,3324000
2021/3/4,3480.983398,3509.532188,3427.823584,3475.076752,3086500
2021/3/5,3472.123047,3494.765188,3402.227743,3494.765188,3339000
2021/3/8,3373.678955,3508.547358,3358.912342,3489.842981,3816500
2021/3/9,3399.27417,3432.745158,3361.865419,3413.056341,3230000
2021/3/10,3393.366943,3424.869044,3379.584774,3389.429181,2325000
2021/3/11,3329.37915,3388.445605,3313.628096,3388.445605,3455000
2021/3/12,3322.488037,3329.379123,3256.530497,3323.472478,3848500
2021/3/15,3324.457031,3328.394795,3273.266103,3327.410354,3608500
2021/3/16,3416.994141,3416.994141,3314.612294,3330.363347,3583000
2021/3/17,3385.492188,3404.196564,3370.725574,3404.196564,2804000
2021/3/18,3395.336182,3401.242826,3361.865196,3390.413978,3400500
2021/3/19,3413.056396,3436.682977,3330.363366,3375.647645,6592000
2021/3/22,3340.207764,3366.787666,3292.954603,3353.005495,6011000
2021/3/23,3342.176514,3405.180725,3342.176514,3350.05204,3057000
2021/3/24,3230.935059,3342.176881,3212.230681,3339.223558,5323000
2021/3/25,3248.654541,3270.312238,3230.934607,3248.654541,2397500
2021/3/26,3322.488037,3329.379123,3249.639411,3272.281551,3624500
2021/3/29,3417.978516,3430.776246,3328.394401,3347.098777,7651500
2021/3/30,3341.725586,3406.747369,3318.081301,3405.762191,4650500
2021/3/31,3275.718994,3343.696321,3275.718994,3321.037212,3528000
2021/4/1,3255.030029,3301.333423,3253.059672,3274.733601,2591500
2021/4/2,3324.978027,3339.755707,3286.556059,3294.437488,2550000
2021/4/5,3324.978027,3345.66678,3313.155883,3337.78535,1260000
2021/4/6,3262.911621,3335.81484,3244.193227,3331.874125,2637500
2021/4/7,3269.808105,3335.815078,3265.867391,3285.570965,2789000
2021/4/8,3216.60791,3252.074337,3214.637553,3251.089159,2446000
2021/4/9,3207.741211,3257.985315,3199.859783,3219.563353,2573000
2021/4/12,3191.97876,3220.54894,3175.230723,3212.667511,2174500
2021/4/13,3152.571533,3184.097249,3142.719747,3171.289927,3356500
2021/4/14,3132.868408,3155.527519,3084.59465,3129.912872,4472500
2021/4/15,3115.13501,3168.334659,3114.149831,3124.001618,2870000
2021/4/16,3074.742432,3099.371897,3018.587251,3099.371897,6191500
2021/4/19,3022.528076,3088.535045,3012.67629,3082.623973,3812500
2021/4/20,3040.26123,3078.683197,3005.779979,3026.46873,4509000
2021/4/21,2965.387939,3031.394914,2956.521331,3002.824731,3664500
2021/4/22,3006.764893,3030.409177,2942.728288,2981.150251,3982500
2021/4/23,3015.63208,3037.306012,2969.32868,2977.21011,2564500
2021/4/26,3093.461182,3123.016543,3017.60242,3040.261531,5013000
2021/4/27,3075.728027,3098.387138,3057.99481,3094.446423,3297000
2021/4/28,3052.083496,3091.490643,3047.157603,3089.520285,2988000
2021/4/30,3049.127686,3080.6534,3026.468578,3074.742328,4101500
2021/5/6,3051.098389,3098.386966,3019.572671,3072.77232,4773000
2021/5/7,2995.928223,3067.846263,2992.972687,3049.127869,3398500
2021/5/10,3007.750488,3031.394776,2996.913523,3002.824595,2444500
2021/5/11,2969.328369,2999.868906,2960.461762,2996.913371,3212000
2021/5/12,2937.80249,2973.268919,2925.980347,2956.520883,4089500
2021/5/13,2886.573486,2945.684206,2876.7217,2924.010276,3680000
2021/5/14,3008.735596,3019.572561,2937.802733,2945.684162,3764000
2021/5/17,3010.706055,3052.083559,3002.824625,3033.365164,2429500
2021/5/18,3035.335449,3051.098308,2967.358122,2994.943124,3627500
2021/5/19,3009.720703,3009.720703,2962.432129,2991.002309,2579000
2021/5/20,2981.150391,3021.542713,2975.239319,3008.735391,3157000
2021/5/21,2965.387939,2974.254548,2948.639901,2974.254548,2996000
2021/5/24,3000.854248,3017.602286,2960.461922,2968.343352,2762500
2021/5/25,3030.40918,3052.083108,2991.002038,3012.675966,3483000
2021/5/26,3116.120361,3141.735009,3006.765521,3015.63213,5517500
2021/5/27,3103.3125,3136.808571,3088.534821,3101.342143,8197500
2021/5/28,3215.623047,3230.400726,3151.586436,3152.571615,6279500
2021/5/31,3213.652832,3286.556054,3205.771403,3231.386048,5573500
2021/6/1,3193.949219,3237.29708,3180.156717,3211.682435,3005500
2021/6/2,3286.555664,3289.5112,3195.919237,3201.830308,5374000
2021/6/3,3330.888672,3359.45885,3306.259208,3309.214744,6033000
2021/6/4,3355.518066,3366.35503,3303.303604,3314.140568,3845000
2021/6/7,3338.77002,3376.206803,3322.021985,3368.325375,3398000
2021/6/8,3294.436768,3348.621583,3284.584983,3334.829084,2768500
2021/6/9,3268.82251,3301.333403,3257.985545,3290.496438,3568000
2021/6/10,3196.904785,3264.882113,3186.06782,3251.089612,4345000
2021/6/11,3214.637451,3227.444772,3146.660135,3187.052453,4206500
2021/6/14,3214.637451,3277.688875,3206.756023,3227.444772,3230500
2021/6/15,3219.563721,3221.534078,3185.082469,3193.949077,2416000
2021/6/16,3201.830566,3236.311819,3194.934316,3201.830566,2158500
2021/6/17,3218.578613,3228.4304,3188.038075,3210.697184,2448500
2021/6/18,3170.305176,3235.326972,3169.319997,3231.386257,4979000
2021/6/21,3150.601074,3151.586253,3097.401431,3113.164288,3148000
2021/6/22,3247.148926,3251.08964,3195.919634,3203.801064,3587500
2021/6/23,3235.326416,3259.95588,3232.37088,3250.104095,1857500
2021/6/24,3156.512451,3211.682457,3156.512451,3203.801027,3055000
2021/6/25,3169.319824,3195.919649,3149.616251,3178.186432,2542000
2021/6/28,3155.5271,3190.99353,3146.660492,3188.037994,2444500
2021/6/29,3141.734863,3154.542186,3113.164681,3123.016468,2372000
2021/6/30,3119.075684,3153.556937,3110.209076,3141.734793,2559000
2021/7/1,3121.045898,3138.779114,3115.134827,3126.95697,1317500
2021/7/2,3155.5271,3163.408529,3125.971741,3132.867991,2081500
2021/7/5,3188.037598,3189.022776,3137.793495,3145.674923,2092500
2021/7/6,3231.38623,3235.326945,3176.216222,3211.682656,2009500
2021/7/7,3189.023193,3229.415517,3170.3048,3194.934265,2562000
2021/7/8,3117.105225,3152.571656,3106.26826,3141.734691,4176500
2021/7/9,3118.090332,3124.001404,3054.053722,3073.757294,4842500
2021/7/12,3170.305176,3175.231069,3133.853563,3164.394103,3056500
2021/7/13,3188.037598,3205.77081,3170.304385,3182.126527,2204500
2021/7/14,3145.675293,3159.467793,3132.867971,3148.630829,2582500
2021/7/15,3092.47583,3146.660657,3089.520294,3140.749585,2487500
2021/7/16,3063.905762,3099.372195,3059.965047,3067.846477,2244000
2021/7/19,3015.63208,3047.157799,3001.839578,3047.157799,2765500
2021/7/20,2994.943115,3014.646688,2965.387756,2969.32847,2491500
2021/7/21,3021.543213,3059.965184,3016.617319,3029.424643,2143500
2021/7/26,3038.29126,3083.609482,3030.40983,3071.787337,2181500
2021/7/27,3111.194336,3122.031302,3069.816831,3082.624154,2557000
2021/7/28,3034.350098,3096.41635,3034.350098,3083.609028,2119500
2021/7/29,2995.928223,3059.964834,2995.928223,3046.172333,2560500
2021/7/30,2945.684082,3031.394622,2926.965688,2994.943013,4384500
2021/8/2,2964.402588,2974.254374,2943.713836,2974.254374,2536000
2021/8/3,2983.12085,2989.031921,2953.565491,2955.535848,2035500
2021/8/4,2955.535889,2997.89857,2954.55071,2994.943034,2225000
2021/8/5,2945.684082,2964.402476,2937.802653,2945.684082,2281000
2021/8/6,2951.595215,2979.180217,2945.684143,2949.624858,2372500
2021/8/10,3021.543213,3031.395,2941.743734,2951.595522,3088500
2021/8/11,3060.949707,3077.697742,3040.260958,3054.053457,3061000
2021/8/12,3058.979492,3097.401457,3055.038778,3089.520028,2275500
2021/8/13,3102.327881,3110.209311,3056.02448,3056.02448,2556000
2021/8/16,3078.68335,3093.46103,3042.231739,3079.668528,2152000
2021/8/17,3078.68335,3144.690321,3078.68335,3099.372102,2842500
2021/8/18,3061.935303,3097.401735,3048.142801,3084.594412,1673000
2021/8/19,3047.157471,3077.698008,3031.394613,3034.350149,1599500
2021/8/20,3082.623291,3103.312038,3055.038295,3056.023474,2125500
2021/8/23,3137.793945,3142.719838,3108.238586,3115.134837,2497000
2021/8/24,3200.845703,3211.682669,3182.127307,3182.127307,3835000
2021/8/25,3232.37085,3254.044778,3194.934064,3204.78585,3578000
2021/8/26,3243.208008,3263.896759,3233.356222,3251.089437,2540000
2021/8/27,3253.05957,3257.985463,3189.022965,3229.415285,3679500
2021/8/30,3294.436768,3303.303374,3268.822128,3276.703555,3678500
2021/8/31,3282.615234,3298.378093,3222.519337,3275.718984,3860000
2021/9/1,3262.911621,3292.46698,3247.148763,3283.600372,3114000
2021/9/2,3230.400635,3262.911529,3195.919384,3256.015278,3288000
2021/9/3,3285.570801,3287.541158,3208.726866,3215.623117,3713000
2021/9/6,3301.333496,3322.022247,3291.48171,3310.200104,3145000
2021/9/7,3258.970459,3276.703672,3159.467431,3201.830106,7320000
2021/9/8,3253.05957,3272.763141,3234.341178,3256.015106,3111500
2021/9/9,3242.222412,3272.762945,3231.385449,3233.355806,2413000
2021/9/10,3254.044678,3265.86682,3237.296643,3242.222535,3298500
2021/9/13,3258.970459,3262.911173,3233.355818,3239.266889,1849500
2021/9/14,3368.325684,3369.310862,3264.881929,3269.807822,6040500
2021/9/15,3357.488281,3367.340066,3341.725425,3353.547567,3220000
2021/9/16,3339.755127,3391.969588,3322.021914,3370.295661,3457000
2021/9/17,3376.20752,3386.059307,3341.726264,3358.474302,4221500
2021/9/21,3399.85083,3408.717436,3323.992089,3327.932803,3160000
2021/9/22,3371.28125,3397.881073,3361.429464,3383.103393,2088500
2021/9/24,3446.154541,3447.13972,3396.895614,3406.747399,4015000
2021/9/27,3507.235596,3559.450058,3474.724704,3485.561668,5299500
2021/9/28,3464.873047,3532.850369,3456.00644,3530.880011,4562000
2021/9/29,3556.168213,3556.168213,3432.92978,3440.81704,5454000
2021/9/30,3574.900391,3603.491706,3530.534556,3544.33726,4976000
2021/10/1,3538.421875,3559.125932,3467.436538,3555.182302,4480000
2021/10/4,3685.322021,3696.167003,3597.576259,3598.562167,7738500
2021/10/5,3610.393311,3682.364559,3567.01338,3657.716871,5116000
2021/10/6,3498.985596,3646.871716,3487.154706,3646.871716,5055500
2021/10/7,3423.070557,3498.985428,3407.296038,3484.196817,3763000
2021/10/8,3461.52124,3527.577043,3443.774905,3479.267575,3875000
2021/10/11,3547.295166,3552.224703,3463.493029,3471.380289,3666000
2021/10/12,3507.858643,3556.168107,3497.999568,3549.266755,3511500
2021/10/13,3492.084229,3552.224584,3490.112414,3524.619175,2515500
2021/10/14,3499.971191,3511.80208,3423.070416,3461.520804,2597500
2021/10/15,3546.30957,3550.253201,3495.042376,3504.901452,2907500
2021/10/18,3514.760498,3568.985415,3513.77459,3562.084062,2351000
2021/10/19,3519.689941,3537.436277,3503.915421,3514.760404,1849000
2021/10/20,3540.393555,3567.998963,3507.85861,3535.464018,2722500
2021/10/21,3548.281494,3564.056016,3530.535157,3563.070108,2609500
2021/10/22,3549.266846,3567.999087,3539.407771,3545.323216,2697000
2021/10/25,3533.492432,3555.182396,3520.675634,3542.365599,2168500
2021/10/26,3551.238525,3577.858026,3539.407636,3553.21034,4360500
2021/10/27,3581.802002,3605.463782,3553.210684,3566.027482,4534000
2021/10/28,3537.436035,3640.95632,3537.436035,3606.449559,14292500
2021/10/29,3537.436035,3551.23874,3445.74664,3513.774256,4850500
2021/11/1,3565.041748,3570.957193,3527.577261,3568.985378,3004000
2021/11/2,3542.365479,3612.364908,3531.520497,3584.759499,2774500
2021/11/4,3581.802002,3581.802002,3522.647551,3550.252961,2502000
2021/11/5,3606.449707,3606.449707,3559.126146,3581.802019,2074500
2021/11/8,3685.322021,3694.195188,3634.054834,3647.857539,4853000
2021/11/9,3715.885498,3742.505001,3674.477382,3687.29418,3880500
2021/11/10,3727.716309,3770.110332,3702.082713,3726.730401,3413500
2021/11/11,3796.72998,3797.715888,3728.702359,3731.660082,3735000
2021/11/12,3777.997314,3870.672614,3767.152333,3814.47589,4776000
2021/11/15,3844.053223,3850.954575,3803.631016,3803.631016,2940500
2021/11/16,3898.277832,3912.080536,3855.883814,3860.813351,3773000
2021/11/17,3874.616211,3962.361972,3861.799414,3933.770657,4032500
2021/11/18,3914.052734,3927.855439,3854.898285,3877.574157,3270500
2021/11/19,3791.800049,3904.193498,3773.067807,3904.193498,5037000
2021/11/22,3839.123779,3840.109687,3774.053885,3791.80022,2928500
2021/11/24,3782.927246,3847.011236,3768.138633,3802.645397,3299000
2021/11/25,3797.716064,3821.377847,3749.406592,3815.462401,3550500
2021/11/26,3706.026367,3781.941246,3701.09683,3766.166726,3446500
2021/11/29,3529.548828,3626.167763,3519.689753,3588.703278,7042500
2021/11/30,3517.717773,3604.477629,3517.717773,3575.886313,11054000
2021/12/1,3419.127197,3510.816594,3407.296307,3509.830687,5799000
2021/12/2,3428.986084,3474.337826,3403.35249,3445.746511,5028000
2021/12/3,3542.365479,3545.323201,3458.563345,3480.253309,4523500
2021/12/6,3484.197266,3580.816205,3476.310005,3554.196701,3233000
2021/12/7,3587.717285,3605.46362,3474.337926,3549.266894,4689000
2021/12/8,3684.336182,3708.983868,3614.336752,3667.575755,5750500
2021/12/9,3718.843262,3741.519135,3685.322405,3706.026464,3551000
2021/12/10,3711.94165,3748.420227,3692.223501,3717.857095,3308500
2021/12/13,3724.758301,3793.771821,3722.786486,3766.166413,2776000
2021/12/14,3676.448975,3726.730256,3653.773103,3673.491252,3041500
2021/12/15,3764.194824,3775.039807,3655.745,3662.646352,3855000
2021/12/16,4033.347656,4034.333564,3834.194338,3843.067505,12853000
2021/12/17,3855.883789,3994.896731,3850.954252,3969.263139,8464500
2021/12/20,3797.716064,3899.264547,3795.744249,3825.321477,3828000
2021/12/21,3874.616211,3897.292082,3842.081266,3864.757137,3022500
2021/12/22,3833.208496,3907.151561,3813.490345,3890.391133,2835000
2021/12/23,3876.588135,3880.531765,3833.208207,3869.686783,2171500
2021/12/24,3841.095703,3895.320617,3824.335275,3880.532004,1569500
2021/12/27,3859.827881,3879.546031,3834.194286,3839.123823,1713000
2021/12/28,3914.052734,3922.925902,3866.729175,3874.616435,2708000
2021/12/29,3875.602539,3949.545605,3854.898481,3927.855639,2925500
2021/12/30,3824.334961,3878.55987,3799.687275,3841.095387,2548500
2022/1/4,3783.912842,3832.222307,3726.730209,3818.419603,4667000
2022/1/5,3734.617676,3800.673479,3728.702231,3766.166716,3610000
2022/1/6,3550.252686,3643.913892,3543.351333,3634.054818,5929500
2022/1/7,3515.74585,3584.759369,3486.168627,3554.196239,5000500
2022/1/11,3647.858154,3654.759508,3548.281486,3560.112377,4553000
2022/1/12,3663.632324,3740.53311,3634.055099,3647.857804,4217000
2022/1/13,3674.477051,3696.167015,3608.421252,3669.547514,3227000
2022/1/14,3636.026611,3667.575649,3595.604407,3648.843408,2992500
2022/1/17,3615.322754,3655.744961,3609.407309,3645.885886,1882000
2022/1/18,3709.969727,3740.532857,3629.125316,3639.970298,3895000
2022/1/19,3642.927979,3718.842851,3633.068904,3657.71659,3669000
2022/1/20,3694.195313,3707.01211,3601.52001,3615.322714,3050000
2022/1/21,3741.518555,3748.419906,3660.674148,3686.307741,3426500
2022/1/24,3723.772217,3751.377624,3664.617773,3746.448087,2843000
2022/1/25,3638.984375,3712.927433,3634.054838,3700.110637,3254500
2022/1/26,3647.858154,3671.519937,3619.266834,3625.182279,2439000
2022/1/27,3624.195801,3732.645621,3618.280356,3687.293878,4577000
2022/1/28,3703.068115,3715.884911,3614.336451,3628.139154,3348500
2022/1/31,3919.968262,3930.813244,3746.44854,3762.22306,8167500
2022/2/1,3934.756592,3952.502926,3882.503497,3919.96798,4938000
2022/2/2,3991.939453,3991.939453,3924.897743,3950.531338,4797000
2022/2/3,3999.82666,4033.347515,3973.207158,3992.925308,3675000
2022/2/4,4124.050781,4140.811208,3985.037834,3999.826445,5951000
2022/2/7,4125.037109,4188.135191,4089.544438,4140.81163,5076000
2022/2/8,4304.47168,4323.20392,4149.684219,4170.388274,6459500
2022/2/9,4294.613281,4340.950936,4255.176979,4300.528727,5083000
2022/2/10,4384.330566,4384.330566,4309.401598,4337.007007,5000000
2022/2/14,4405.034668,4456.301857,4288.697584,4290.669399,5245500
2022/2/15,4304.47168,4418.836937,4263.063569,4413.9074,5193000
2022/2/16,4431.654297,4440.527465,4356.725325,4365.598493,4173500
2022/2/17,4421.79541,4512.498906,4406.020889,4457.288082,4799000
2022/2/18,4215.740723,4370.528209,4197.008479,4360.669134,7008000
2022/2/21,4171.374023,4223.627113,4095.459157,4138.839081,4454500
2022/2/22,4032.361328,4126.022533,3987.995494,4089.543958,5007500
2022/2/24,4060.952881,4114.191884,4033.347472,4033.347472,4316000
2022/2/25,4120.107422,4198.980021,4109.262439,4139.825572,3643500
2022/2/28,4166.445313,4178.276203,4083.629078,4128.980826,4295000
2022/3/1,4249.260742,4273.908426,4204.894911,4236.443946,3393500
2022/3/2,4234.472168,4254.190315,4175.317726,4186.162707,2626000
2022/3/3,4273.908691,4305.457729,4249.261006,4268.979154,2692500
2022/3/4,4218.697266,4259.119464,4200.950935,4248.274484,2755000
2022/3/7,4177.290039,4197.994096,4129.966479,4154.614167,2676500
2022/3/8,4188.134766,4276.866434,4127.008505,4128.98032,4551000
2022/3/9,4135.882324,4249.261697,4127.995064,4231.51536,3085000
2022/3/10,4287.711426,4291.655056,4224.61335,4244.331499,3752000
2022/3/11,4261.091309,4296.583971,4232.499997,4275.879918,2823000
2022/3/14,4357.710938,4410.94994,4269.965174,4296.584675,4331000
2022/3/15,4431.654297,4433.626112,4322.218562,4332.077637,3477500
2022/3/16,4597.287598,4616.019844,4484.89412,4495.739105,5381000
2022/3/17,4546.019531,4601.230352,4430.668353,4583.484017,5591500
2022/3/18,4532.217285,4592.357649,4511.513225,4574.611312,4367500
2022/3/22,4573.625,4579.540445,4495.738306,4535.174607,3894000
2022/3/23,4704.750488,4708.694118,4610.10337,4610.10337,3636000
2022/3/24,4819.114746,4819.114746,4658.411861,4658.411861,4764000
2022/3/25,4727.425781,4899.959569,4708.693541,4866.438719,4963000
2022/3/28,4691.933594,4754.045764,4666.3,4717.567188,3123000
2022/3/29,4700.806641,4701.792548,4557.850063,4680.102585,5720000
2022/3/30,4600.181641,4686.996134,4568.612734,4647.535001,4835000
2022/3/31,4638.655273,4691.927793,4578.477057,4622.870823,5147000
2022/4/1,4680.090332,4703.767012,4588.343199,4618.925576,2960000
2022/4/4,4631.75,4713.631842,4570.58525,4704.753088,2868500
2022/4/5,4550.85498,4684.036299,4533.097471,4671.211431,3637000
2022/4/6,4575.517578,4581.436747,4486.730044,4537.04298,3480000
2022/4/7,4446.282715,4506.460937,4357.495174,4495.609126,5468500
2022/4/8,4418.660156,4438.390722,4343.684007,4435.431137,4500000
2022/4/11,4451.215332,4464.040199,4390.050582,4397.942808,2751000
2022/4/12,4433.45752,4528.164222,4409.780844,4446.282386,4007000
2022/4/13,4465.026855,4472.919081,4356.508748,4407.808217,4081000
2022/4/14,4550.85498,4551.841509,4470.946189,4478.838416,2718500
2022/4/15,4514.353027,4578.47736,4495.608992,4519.285668,2289500
2022/4/18,4447.269043,4499.555037,4415.700141,4459.107381,2323500
2022/4/19,4338.750977,4479.824508,4325.92611,4479.824508,4215500
2022/4/20,4456.147461,4487.71636,4345.656313,4345.656313,4404000
2022/4/21,4482.78418,4544.935457,4443.323051,4443.323051,3247000
2022/4/22,4449.241699,4476.864486,4415.699744,4449.241699,2578000
2022/4/25,4444.309082,4458.120475,4367.35989,4400.901846,2721500
2022/4/26,4437.403809,4473.905352,4415.700188,4459.107429,2845500
2022/4/27,4340.723633,4404.847959,4256.868744,4362.427251,7136500
2022/4/28,3901.719238,4144.405188,3849.433241,4143.41866,20198500
2022/5/2,3838.581299,3980.641362,3837.594771,3899.746048,8331000
2022/5/6,3697.507324,3876.068911,3678.76329,3873.109326,11717000
2022/5/9,3522.892334,3678.763795,3516.973165,3678.763795,9904500
2022/5/10,3393.657227,3495.269638,3349.263455,3495.269638,10205500
2022/5/11,3495.269287,3517.959435,3383.791605,3403.522168,7813500
2022/5/12,3323.613525,3426.212459,3308.815602,3419.306761,8780500
2022/5/13,3397.603516,3405.495742,3345.317515,3373.926836,6212000
2022/5/16,3538.676758,3625.491242,3442.98352,3512.040496,10569000
2022/5/17,3550.514893,3587.016435,3497.242371,3516.972935,4994000
2022/5/18,3577.151367,3614.63944,3534.730653,3589.976234,5333000
2022/5/19,3538.676758,3549.528568,3476.525479,3485.404233,4419500
2022/5/20,3619.571777,3622.531362,3563.339673,3588.989405,4572500
2022/5/23,3692.575195,3746.834248,3651.141009,3677.777272,6992500
2022/5/24,3701.453613,3724.143761,3651.140678,3718.224592,5421500
2022/5/25,3836.608154,3862.257887,3690.601981,3690.601981,9968000
2022/5/26,3829.702393,3867.190463,3775.443343,3801.093075,6712500
2022/5/27,3859.29834,3896.786412,3807.998873,3896.786412,5811000
2022/5/30,3887.907959,3920.463392,3857.325582,3894.813657,6591500
2022/5/31,3788.268555,3910.59806,3761.632291,3872.123458,10825000
2022/6/1,3815.890625,3849.43258,3722.170457,3748.806715,5009500
2022/6/2,3774.457275,3803.066596,3734.996143,3773.470747,4033000
2022/6/3,3773.470459,3812.931588,3727.103632,3812.931588,4496500
2022/6/6,3819.837402,3826.7431,3734.009444,3748.807368,3582000
2022/6/7,3777.41626,3825.756139,3776.429732,3823.783082,2788500
2022/6/8,3741.901611,3770.51093,3715.265349,3758.672591,5092500
2022/6/9,3739.928223,3772.483652,3724.143772,3734.995582,3466000
2022/6/10,3676.790527,3731.049577,3674.817471,3719.211239,3722000
2022/6/13,3578.137939,3630.423936,3556.434318,3606.747259,4486500
2022/6/14,3597.868164,3607.733446,3492.309652,3515.986328,4634000
2022/6/15,3568.272217,3587.016251,3526.838036,3575.177914,4411000
2022/6/16,3586.030029,3643.248665,3568.272522,3595.895311,4163000
2022/6/17,3560.380615,3560.380615,3504.148502,3535.717408,6362000
2022/6/20,3568.272217,3594.908476,3510.067058,3592.93542,2574000
2022/6/21,3620.55835,3636.3428,3559.393604,3571.231942,2959500
2022/6/22,3586.030029,3641.275609,3579.124332,3632.396855,2958500
2022/6/23,3616.612549,3643.248811,3596.881984,3596.881984,2129500
2022/6/24,3642.262207,3646.20832,3585.04357,3631.410397,2971500
2022/6/27,3639.30249,3697.507653,3626.477624,3678.763618,2690000
2022/6/28,3686.655762,3686.655762,3603.787396,3630.423656,2714000
2022/6/29,3713.291748,3724.143557,3632.396444,3664.951871,5742500
2022/6/30,3733.022705,3792.214397,3699.480746,3709.346028,5132000
2022/7/1,3624.504883,3738.942163,3612.666544,3709.346314,5540000
2022/7/4,3690.602051,3696.52122,3644.235225,3652.12745,2560000
2022/7/5,3685.669434,3730.063204,3662.979285,3729.076675,2980500
2022/7/6,3614.63916,3693.561413,3604.773879,3665.938624,2938500
2022/7/7,3585.043457,3611.679718,3509.080786,3604.774021,6254500
2022/7/8,3576.164795,3620.558565,3547.555477,3590.962718,5101000
2022/7/11,3667.912109,3685.669618,3616.612639,3635.356676,4006000
2022/7/12,3637.32959,3669.885021,3594.908876,3664.95238,3278000
2022/7/13,3624.504883,3649.16809,3588.989865,3629.437524,3063000
2022/7/14,3605.760498,3613.652723,3572.21854,3603.787442,3104500
2022/7/15,3614.63916,3619.571801,3577.15109,3613.652632,2612000
2022/7/19,3588.989502,3645.221608,3580.110748,3641.275495,3005000
2022/7/20,3729.076416,3729.076416,3614.63915,3635.356242,5367000
2022/7/21,3764.591309,3764.591309,3713.291846,3725.130184,3517000
2022/7/22,3800.106689,3812.931556,3719.211376,3738.94194,4109000
2022/7/25,3802.079346,3817.863796,3751.766412,3769.523918,2468500
2022/7/26,3791.228027,3844.500552,3779.389688,3801.09331,3561000
2022/7/27,3865.217529,3880.015452,3786.295272,3788.268329,4460500
2022/7/28,3836.608154,3897.772902,3815.891062,3880.015395,4678000
2022/7/29,3975.708252,3975.708252,3868.176689,3898.75906,8472500
2022/8/1,4143.418457,4177.946944,4032.927298,4044.765637,11368000
2022/8/2,4082.253662,4170.054671,4069.428796,4157.229805,6391000
2022/8/3,4068.442627,4125.661267,4013.197043,4116.782513,5006500
2022/8/4,4122.701172,4134.53951,4063.509482,4094.091855,4765500
2022/8/5,4119.741699,4149.337545,4109.876417,4118.755171,3417500
2022/8/8,4103.95752,4131.580311,4081.26737,4102.970991,2768500
2022/8/9,4104.943848,4146.378032,4082.253699,4111.849545,2963000
2022/8/10,4042.79248,4102.970699,4019.115804,4102.970699,2629000
2022/8/12,4068.442627,4100.99806,4050.685118,4069.429155,3318000
2022/8/15,4104.943848,4104.943848,4064.496191,4079.294114,2331500
2022/8/16,4135.525879,4146.377688,4096.064754,4106.916563,2844500
2022/8/17,4152.296875,4160.1891,4114.808806,4156.242987,3319000
2022/8/18,4131.57959,4152.296679,4126.646949,4143.417927,2185500
2022/8/19,4080.281006,4107.903798,4056.604327,4103.957685,3382000
2022/8/22,4080.281006,4094.092402,4041.806403,4044.765987,2038000
2022/8/23,4120.728027,4132.566365,4055.61717,4074.361205,2989000
2022/8/24,4064.496338,4110.863165,4045.752301,4100.997883,3004000
2022/8/25,4053.644531,4078.307737,4031.94091,4076.334681,2297000
2022/8/26,4048.711914,4071.402064,3995.439389,4054.631084,3389000
2022/8/29,3965.843262,4014.183142,3939.207001,3985.573825,3829000
2022/8/30,4041.806152,4070.415471,3980.641402,4003.331551,11060500
2022/8/31,4113.822266,4120.727962,4012.209869,4012.209869,5186000
2022/9/1,4031.940918,4103.95748,4028.981333,4034.900503,3584000
2022/9/2,4036.873535,4047.725346,3990.506708,4031.940894,2902000
2022/9/5,3985.573975,4031.940801,3973.735636,4030.954272,2530000
2022/9/6,3734.009277,3843.513909,3733.022749,3788.268329,13657000
2022/9/7,3736.96875,3762.618483,3697.507623,3748.807088,6321500
2022/9/8,3870.150391,3896.786654,3781.362847,3798.133827,6780000
2022/9/9,3908.624756,3934.274489,3872.123212,3881.001966,4380500
2022/9/12,3979.654785,3994.452708,3945.126298,3952.031995,3885500
2022/9/13,4054.630615,4063.509368,4009.250321,4024.048243,4508000
2022/9/14,4004.318115,4034.900491,3946.112949,3948.086006,3786500
2022/9/15,4028.981201,4068.442329,4013.19675,4020.102447,3621500
2022/9/16,4023.062012,4049.698273,3995.439222,4025.035068,4128000
2022/9/20,4009.250488,4054.630784,3989.519925,4044.765502,3249000
2022/9/21,3935.260742,4001.358127,3920.46282,3985.573677,3529500
2022/9/22,3952.031982,3952.031982,3857.325275,3868.177085,3454000
2022/9/26,3886.921143,3963.870343,3886.921143,3942.166722,3432000
2022/9/27,3958.937744,3967.816498,3890.867297,3906.651749,3932000
2022/9/28,3847.460205,3944.139974,3815.891301,3938.220805,6046000
2022/9/29,3967.532715,3985.306629,3878.663142,3910.261212,5351500
2022/9/30,3891.5,3955.683583,3888.537681,3920.135752,4073000
2022/10/3,3819.416992,3903.349372,3785.84404,3891.500095,4118500
2022/10/4,3912.236084,3925.0728,3857.926901,3875.700815,4454000
2022/10/5,3910.261475,3960.620903,3904.336836,3948.771625,3266500
2022/10/6,3928.035156,3955.683468,3896.437086,3898.411965,3205500
2022/10/7,3884.587646,3928.034992,3875.700689,3889.524845,3863000
2022/10/11,3845.089844,3865.826076,3807.567139,3845.089844,3519000
2022/10/12,3951.733643,3974.444755,3853.977113,3882.612864,5437500
2022/10/13,3885.575195,3952.721094,3870.7636,3930.009982,4305000
2022/10/14,3933.959717,3970.494985,3929.022518,3943.834114,4145000
2022/10/17,3945.808838,3951.733476,3906.311252,3921.122847,2861000
2022/10/18,3947.783691,3989.256156,3935.934416,3969.507364,3761000
2022/10/19,3900.386475,3956.670533,3893.474397,3949.758455,3663500
2022/10/20,3889.525146,3906.311622,3846.077798,3877.67587,4349000
2022/10/21,3792.755615,3878.662863,3792.755615,3870.763346,4786000
2022/10/24,3787.818848,3852.989871,3787.818848,3848.052672,3678500
2022/10/25,3781.894287,3822.379317,3758.195733,3810.53004,4190000
2022/10/26,3786.831055,3836.203037,3781.893856,3815.466805,3919500
2022/10/27,3766.094727,3798.680234,3752.270572,3762.144968,4118000
2022/10/28,3959.633057,3965.557695,3817.441745,3845.090056,18163500
2022/10/31,3939.884521,3997.156026,3903.349251,3949.758919,4791500
2022/11/1,3977.406982,3994.193457,3932.972197,3949.758672,3753000
2022/11/2,3919.147949,3977.406888,3918.16051,3967.532492,3201000
2022/11/4,3891.5,3931.985029,3879.650723,3892.48744,3192500
2022/11/7,3905.324219,3929.022773,3881.625665,3889.525183,2380500
2022/11/8,3906.311523,3945.809112,3906.311523,3915.198481,2259000
2022/11/9,3845.089844,3931.984529,3827.315931,3920.135254,3415000
2022/11/10,3870.763428,3886.562462,3843.115118,3845.089997,2959500
2022/11/11,3881.625732,3936.922359,3833.241184,3926.060522,3924000
2022/11/14,3825.341309,3887.550008,3825.341309,3864.838896,3652500
2022/11/15,3810.529785,3850.027373,3785.843793,3821.391622,3050000
2022/11/16,3816.454346,3851.014734,3778.931638,3829.291061,3383500
2022/11/17,3873.725586,3889.52462,3829.290804,3839.1652,3406000
2022/11/18,3848.05249,3903.349113,3848.05249,3892.487276,2397000
2022/11/21,3878.66333,3902.361884,3853.977336,3853.977336,2377500
2022/11/22,3906.311523,3930.997516,3900.386885,3911.248722,3386500
2022/11/24,3955.68335,3977.407023,3928.035039,3940.871754,4463000
2022/11/25,3949.758545,3983.331493,3937.909269,3956.670622,2540500
2022/11/28,3939.884521,3968.520274,3903.349251,3968.520274,2618500
2022/11/29,3926.060059,3939.884214,3897.424309,3917.173102,2214000
2022/11/30,3894.462402,3912.236318,3884.588005,3892.487523,4377500
2022/12/1,3890.512207,3924.085155,3885.575009,3920.135396,2959000
2022/12/2,3831.266113,3883.600418,3820.404276,3880.638099,4425500
2022/12/5,3857.927002,3857.927002,3802.630377,3829.29125,3378000
2022/12/6,3831.266113,3868.788823,3822.379156,3856.939546,2737500
2022/12/7,3859.901855,3860.889295,3814.479628,3831.266104,2536000
2022/12/8,3845.089844,3860.888878,3821.391293,3859.901438,2249000
2022/12/9,3864.839111,3894.462303,3848.052636,3848.052636,2506500
2022/12/12,3869.775879,3880.637715,3846.077328,3851.014526,1824000
2022/12/13,3910.261475,3925.073071,3893.474999,3901.374517,3010500
2022/12/14,3906.311523,3928.035197,3882.61297,3917.17336,2276500
2022/12/15,3883.600098,3917.173045,3883.600098,3898.411692,1882000
2022/12/16,3888.537598,3915.19847,3866.813924,3871.751123,3467500
2022/12/19,3797.693359,3861.876944,3794.73104,3858.914625,4515000
2022/12/20,3661.42627,3807.56734,3629.8282,3801.642702,6061000
2022/12/21,3614.029297,3679.200317,3582.431227,3669.32592,4981500
2022/12/22,3713.760498,3740.421368,3613.041654,3641.677404,4288000
2022/12/23,3641.677734,3690.062281,3627.853578,3676.238125,3094000
2022/12/26,3673.275879,3682.162837,3639.702927,3641.677807,1742500
2022/12/27,3781.894287,3821.391878,3701.911666,3701.911666,5734500
2022/12/28,3809.54248,3921.12317,3777.944409,3871.751183,8630000
2022/12/29,3770.044678,3833.240817,3762.14516,3807.567385,4038500
2022/12/30,3783.869385,3829.291616,3771.032667,3771.032667,3315000
2023/1/4,3698.948975,3768.069751,3691.049457,3762.145113,4468000
2023/1/5,3714.747803,3717.710122,3676.237658,3707.835725,2834000
2023/1/6,3732.521484,3742.39588,3681.174628,3708.822935,3099000
2023/1/10,3773.994873,3841.140779,3772.019993,3787.81903,4608500
2023/1/11,3769.057373,3800.655444,3766.095054,3774.982011,3062500
2023/1/12,3734.496582,3759.182572,3703.885954,3754.245374,3563500
2023/1/13,3741.408936,3759.18285,3721.660142,3736.471737,2845000
2023/1/16,3756.220459,3759.182778,3730.547028,3740.421424,2096000
2023/1/17,3762.145264,3774.98198,3752.270867,3771.032221,1941000
2023/1/18,3822.378906,3822.378906,3729.559579,3775.969242,3704000
2023/1/19,3887.550293,3887.550293,3811.517432,3822.37927,4589500
2023/1/20,3960.620605,3977.40708,3909.273741,3930.009975,5758500
2023/1/23,4032.703857,4070.226567,3931.985005,3960.620757,6350000
2023/1/24,4147.24707,4170.945625,4058.37749,4067.264448,7997000
2023/1/25,4169.95752,4181.806795,4117.62322,4124.535297,5487500
2023/1/26,4195.631348,4221.30478,4158.108638,4169.957915,4933000
2023/1/27,4155.145996,4195.631021,4128.485126,4194.643582,5143500
2023/1/30,4119.599121,4170.945994,4086.026166,4149.222317,6282500
2023/1/31,4261.789551,4416.817577,4221.304525,4334.860085,13238000
2023/2/1,4257.839844,4373.370285,4255.864964,4261.789602,7335000
2023/2/2,4220.317383,4290.425603,4217.355064,4245.990816,3788500
2023/2/3,4272.651855,4302.275048,4220.317548,4222.292428,4191500
2023/2/6,4262.776855,4338.809706,4260.801976,4319.060914,2934500
2023/2/7,4260.802246,4309.186791,4250.927849,4285.488238,2620500
2023/2/8,4323.010742,4323.010742,4264.751803,4272.651321,3150000
2023/2/9,4303.261719,4344.734181,4302.274279,4320.048192,2544500
2023/2/10,4244.016113,4302.275059,4239.078914,4259.81515,3335000
2023/2/13,4224.267578,4265.740051,4201.556462,4261.790292,1933000
2023/2/14,4287.462891,4291.412649,4254.877383,4264.751779,2001500
2023/2/15,4278.57666,4278.57666,4244.016267,4277.58922,2086500
2023/2/16,4268.702148,4278.576546,4240.066395,4268.702148,2264000
2023/2/17,4263.76416,4289.43759,4251.914885,4263.76416,1997000
2023/2/20,4241.054199,4281.539233,4241.054199,4267.715075,1872500
2023/2/21,4173.907715,4255.865212,4170.945396,4255.865212,2728000
2023/2/22,4113.673828,4152.183977,4103.799431,4147.246778,3825500
2023/2/24,4115.648926,4134.410281,4092.937811,4129.473082,2738500
2023/2/27,4152.183594,4169.957507,4095.899536,4099.849294,2427500
2023/2/28,4296.350098,4314.124012,4219.329802,4230.191638,6492000
2023/3/1,4285.48877,4290.425969,4237.104219,4277.589251,3351500
2023/3/2,4286.475586,4314.123897,4254.877517,4300.299741,2504000
2023/3/3,4305.236816,4333.872566,4281.538265,4308.199135,4458500
2023/3/6,4240.066406,4304.249992,4209.455773,4304.249992,7075000
2023/3/7,4315.112305,4370.408938,4260.803111,4265.74031,7125500
2023/3/8,4328.936035,4361.521548,4326.961156,4353.62203,3798500
2023/3/9,4422.742676,4422.742676,4344.734935,4349.672134,4343000
2023/3/10,4368.433105,4396.081416,4337.822476,4344.734553,5656500
2023/3/13,4328.936035,4367.446187,4260.80269,4344.735072,4663000
2023/3/14,4324.98584,4347.696953,4255.865062,4285.488252,4229000
2023/3/15,4269.689453,4341.772554,4251.915538,4325.973519,4301000
2023/3/16,4268.702148,4277.589106,4218.34272,4244.016154,3452000
2023/3/17,4359.54541,4380.28164,4281.537689,4291.412084,4738500
2023/3/20,4289.4375,4366.457787,4289.4375,4364.482907,2835500
2023/3/22,4356.583984,4383.244856,4328.935673,4344.734708,3511500
2023/3/23,4356.583984,4363.496062,4314.124077,4345.722148,2855000
2023/3/24,4352.634277,4388.182107,4342.75988,4356.584036,3001000
2023/3/27,4322.023438,4387.194456,4318.073679,4363.495904,4085000
2023/3/28,4323.998047,4370.407708,4312.148772,4344.734279,3462500
2023/3/29,4337.822754,4374.358024,4309.187002,4333.872995,7307500
2023/3/30,4445.956543,4456.829269,4368.859031,4388.627624,5957300
2023/3/31,4475.608887,4527.995652,4392.580807,4515.146068,30090200
2023/4/3,4459.794922,4549.742027,4428.165171,4502.2974,6154800
2023/4/4,4497.355469,4511.193486,4448.92241,4459.795137,4508400
2023/4/5,4479.562988,4508.227447,4462.759685,4506.250588,3842300
2023/4/6,4461.771484,4485.493796,4423.222728,4447.933469,3627800
2023/4/7,4560.614746,4591.256068,4454.852766,4460.783344,5565600
2023/4/10,4682.191406,4696.029422,4585.325297,4598.174883,5190200
2023/4/11,4717.774902,4772.138535,4690.098871,4745.450934,5886400
2023/4/12,4799.814941,4807.72238,4711.844692,4740.509155,5294600
2023/4/13,4787.953125,4798.825851,4750.392799,4773.126681,4768300
2023/4/14,4745.450684,4798.825884,4685.156476,4787.953158,6072600
2023/4/17,4734.578125,4762.254156,4690.09879,4754.346718,3297300
2023/4/18,4803.768555,4822.54872,4718.763597,4745.4512,4172300
2023/4/19,4872.958984,4872.958984,4777.081292,4806.734187,4705000
2023/4/20,4828.479004,4876.912058,4824.525285,4841.32859,3741500
2023/4/21,4728.647461,4785.976381,4716.786305,4784.987951,5496500
2023/4/24,4736.555176,4771.150216,4720.7403,4745.451043,3311400
2023/4/25,4726.67041,4764.230735,4716.786114,4746.439002,3242300
2023/4/26,4697.018066,4751.381701,4691.087488,4727.659388,3693200
2023/4/27,4735.566406,4741.496984,4640.677161,4696.029221,4907000
2023/4/28,4743.474609,4856.155607,4643.6432,4821.560564,8512000
2023/5/1,4833.421387,4838.363535,4739.520562,4753.358578,5571000
2023/5/2,4858.131348,4891.737953,4820.571024,4853.1892,4953100
2023/5/8,4837.375,4882.842767,4798.826241,4879.877478,4751400
2023/5/9,4868.016602,4873.94718,4814.641394,4823.537262,4264100
2023/5/10,4803.768555,4877.900785,4788.942109,4872.958637,3901300
2023/5/11,4897.668945,4897.668945,4788.941683,4790.918542,4906400
2023/5/12,5038.025879,5044.944886,4876.911847,4912.495315,7184500
2023/5/15,5065.702148,5082.505453,4976.743477,5031.107109,4641900
2023/5/16,5156.637695,5158.614555,5079.540179,5100.297203,4571500
2023/5/17,5248.562012,5289.087632,5183.325648,5216.932259,5771500
2023/5/18,5280.191406,5380.022805,5268.33025,5347.404625,5546300
2023/5/19,5313.797852,5335.543304,5258.445791,5323.682148,3820000
2023/5/22,5413.628906,5413.628906,5299.959503,5314.785946,4665500
2023/5/23,5378.045898,5482.819445,5330.601274,5424.502093,7105200
2023/5/24,5139.835449,5352.347876,5062.737917,5337.521428,10436000
2023/5/25,5173.441406,5210.013308,5101.286033,5116.11248,5770800
2023/5/26,5329.612793,5363.219402,5217.92024,5219.897099,5866000
2023/5/29,5312.80957,5416.594688,5289.087258,5416.594688,4706500
2023/5/30,5219.897461,5295.018121,5206.059445,5273.272667,4536500
2023/5/31,5166.522461,5179.372048,5076.575351,5175.418329,20500400
2023/6/1,5152.683594,5196.174497,5093.377817,5166.521608,3532600
2023/6/2,5260.422852,5260.422852,5153.672444,5182.336905,4291200
2023/6/5,5325.658691,5335.542987,5276.237211,5288.098367,3502700
2023/6/6,5371.127441,5396.826616,5320.717522,5337.520829,3275400
2023/6/7,5316.763184,5411.652432,5297.98302,5366.184667,4716600
2023/6/8,5300.948242,5360.254022,5244.607752,5321.705265,3761400
2023/6/9,5379.033691,5386.941128,5316.762629,5386.941128,4989800
2023/6/12,5303.914063,5359.266129,5262.400013,5342.462823,3474700
2023/6/13,5289.087402,5313.798145,5269.318808,5307.867567,3945600
2023/6/14,5406.710449,5435.37491,5306.87905,5318.740206,5385800
2023/6/15,5383.976563,5428.455899,5375.080695,5400.779867,3337000
2023/6/16,5300.948242,5370.138318,5241.642463,5364.20774,6308800
2023/6/19,5242.631348,5329.613165,5200.128869,5329.613165,3866300
2023/6/20,5230.77002,5245.596465,5185.302253,5221.874152,2704800
2023/6/21,5251.526855,5256.469004,5205.070661,5230.769832,3518500
2023/6/22,5243.620117,5295.018467,5226.81681,5234.724249,3804400
2023/6/23,5218.90918,5300.948851,5210.013312,5278.214966,3053600
2023/6/26,5281.180176,5305.89092,5226.816539,5301.937201,3164100
2023/6/27,5480.842773,5482.819633,5302.925425,5307.867573,7782300
2023/6/28,5626.14209,5639.980106,5444.271017,5461.074323,6816800
2023/6/29,5578.697266,5689.401393,5530.26421,5624.165032,5066800
2023/6/30,5536.194824,5563.870856,5472.935323,5535.206395,3820100
2023/7/3,5628.118652,5682.482285,5603.40791,5616.257496,3266300
2023/7/4,5610.327637,5628.119373,5543.114409,5614.281356,2812300
2023/7/5,5583.639648,5656.78345,5579.685929,5599.454524,3191100
2023/7/6,5547.067383,5574.743414,5479.854164,5563.870687,3146700
2023/7/7,5504.56543,5552.998489,5468.981958,5528.287744,3006400
2023/7/10,5464.039551,5520.380045,5437.351948,5500.611451,3091200
2023/7/11,5503.57666,5552.009716,5486.773355,5515.437817,2522200
2023/7/12,5414.617676,5499.622627,5396.825942,5495.668908,3051300
2023/7/13,5519.391602,5531.252758,5421.537058,5463.051107,2904300
2023/7/14,5520.379883,5563.87079,5464.03939,5520.379883,3903300
2023/7/18,5368.162109,5548.056328,5328.624918,5509.507567,5277200
2023/7/19,5392.872559,5410.664294,5339.497354,5364.208097,4081200
2023/7/20,5344.439453,5396.826228,5335.543586,5383.976642,2546200
2023/7/21,5320.717285,5354.323896,5303.91398,5335.543731,2561700
2023/7/24,5363.219238,5404.733283,5343.450645,5365.196098,2286000
2023/7/25,5363.219238,5411.652291,5336.531638,5377.057253,2801200
2023/7/26,5337.52002,5346.415886,5249.549782,5327.635723,2645700
2023/7/27,5442.294434,5446.248153,5334.555586,5345.428314,3263500
2023/7/28,5398.803711,5456.132641,5294.030149,5377.058255,5295100
2023/7/31,5386.941895,5637.01461,5353.335285,5501.59974,7997700
2023/8/1,5342.462402,5402.756613,5304.902075,5391.883886,4917900
2023/8/2,5172.452637,5316.763373,5155.649332,5312.809655,6322500
2023/8/3,5143.788086,5238.677336,5140.822797,5172.452547,3830700
2023/8/4,5161.57959,5166.521738,5075.586211,5119.077115,3236000
2023/8/7,5168.498535,5168.498535,5130.938209,5141.810935,2746900
2023/8/8,5190.244629,5228.793389,5164.545455,5202.105786,2424200
2023/8/9,5239.666016,5249.550313,5169.487505,5174.429653,3001900
2023/8/10,5261.410645,5295.01725,5164.544546,5209.023877,3874700
2023/8/14,5228.792969,5330.601225,5223.85082,5291.064038,2972100
2023/8/15,5296.995605,5303.914614,5227.805515,5251.527832,2052600
2023/8/16,5189.256348,5254.492713,5183.325769,5242.631556,2252600
2023/8/17,5108.205078,5171.464584,5064.714168,5169.487724,3183400
2023/8/18,4969.824707,5061.748672,4927.322228,5046.922226,4586100
2023/8/21,5054.82959,5068.667606,4963.894056,4973.778353,2797400
2023/8/22,4971.801758,5054.829859,4960.92903,5054.829859,2361500
2023/8/23,5009.361816,5034.072559,4932.264298,4942.148596,2546600
2023/8/24,4995.523926,5018.25781,4959.940455,4986.628058,1910100
2023/8/25,5023.199707,5064.713754,4947.090621,4960.928636,2648800
2023/8/28,5054.82959,5083.494052,4968.836204,5066.690746,2524400
2023/8/29,5064.713867,5114.135353,5055.818,5066.690727,2045700
2023/8/30,5008.373535,5075.586758,5007.385105,5066.69089,2678000
2023/8/31,5188.267578,5188.267578,5034.072542,5040.99155,6262900
2023/9/1,5194.197754,5196.174613,5123.03082,5139.834124,3261800
2023/9/4,5217.92041,5220.885699,5164.545206,5192.221238,2717500
2023/9/5,5207.047852,5246.585041,5174.42967,5217.920579,2566400
2023/9/6,5225.827637,5266.353253,5190.244169,5236.700363,2447200
2023/9/7,5219.897461,5245.596634,5208.036304,5238.677626,2459800
2023/9/8,5151.695313,5254.491996,5145.764735,5246.584558,3501300
2023/9/11,5131.927246,5206.059477,5123.031378,5189.256171,2163900
2023/9/12,5176.40625,5201.116992,5131.926914,5131.926914,1855100
2023/9/13,5106.228027,5174.429679,5095.3553,5146.753647,2425800
2023/9/14,5120.06543,5143.787741,5069.655519,5120.06543,2673900
2023/9/15,5165.533691,5168.498981,5113.146917,5139.834519,4178200
2023/9/19,5041.97998,5153.672538,5021.222956,5144.776671,3801800
2023/9/20,5042.967773,5086.458675,5005.407449,5068.666943,2656800
2023/9/21,4955.986816,5007.385164,4943.13723,4992.558718,3326100
2023/9/22,4994.535156,5053.840937,4930.287227,4937.206235,3716200
2023/9/25,4962.905273,4996.511882,4889.761479,4990.581304,3580700
2023/9/26,4970.812988,4985.639434,4932.26423,4985.639434,2660600
2023/9/27,4962.905273,4966.858992,4906.564783,4961.916844,4366200
2023/9/28,4853.080566,4946.085576,4820.429871,4946.085576,3955800
2023/9/29,4857.038086,4944.106603,4850.112181,4899.58293,3958500
2023/10/2,4888.699707,4997.535361,4862.974916,4905.519763,3480300
2023/10/3,4756.118164,4873.858555,4751.171089,4867.922065,3807200
2023/10/4,4790.747559,4826.3665,4692.795471,4707.636696,4522300
2023/10/5,4858.027832,4867.921982,4789.758194,4827.355966,3223800
2023/10/6,4848.133789,4940.14939,4848.133789,4897.604542,2881800
2023/10/10,4854.069824,4882.762858,4783.821362,4877.815783,2819900
2023/10/11,4798.663086,4904.530498,4798.663086,4877.816291,2577000
2023/10/12,4830.324219,4838.239539,4772.938147,4808.557088,2595100
2023/10/13,4749.191895,4809.546208,4740.28716,4797.673228,2644600
2023/10/16,4583.959473,4700.710437,4580.001813,4699.721022,3724200
2023/10/17,4671.02832,4763.043917,4652.229435,4698.731941,3631700
2023/10/18,4615.621094,4662.1236,4540.425552,4652.22945,4969500
2023/10/19,4486.99707,4566.150271,4454.346375,4537.457236,4674200
2023/10/20,4529.541992,4568.129178,4463.251185,4472.155921,3033100
2023/10/23,4531.520996,4576.044674,4489.965563,4493.923224,3272000
2023/10/24,4605.726563,4624.525446,4498.869749,4600.779488,4125000
2023/10/25,4632.440918,4684.879912,4622.546768,4643.324483,2981300
2023/10/26,4610.673828,4624.525638,4573.076059,4582.970209,2695300
2023/10/27,4671.02832,4684.880131,4584.949213,4614.631664,3039200
2023/10/30,4676.965332,4705.658371,4623.536915,4640.356972,4211300
2023/10/31,4805.588379,4874.847425,4463.250809,4737.318748,16438800
2023/11/1,5008.418457,5022.270266,4853.08031,4903.540473,8479800
2023/11/2,5178.598145,5193.43937,5060.857759,5062.836589,8202700
2023/11/6,5235.984375,5293.370447,5196.407774,5256.762091,6699100
2023/11/7,5046.016113,5217.184895,5046.016113,5209.269576,5099700
2023/11/8,4945.095703,5075.698471,4927.286235,5065.804322,5032500
2023/11/9,5037.111816,5039.090646,4888.699565,4953.011541,3441400
2023/11/10,5034.143555,5049.974195,4951.032694,4981.704559,2506900
2023/11/13,5035.132813,5061.847017,5001.492703,5039.090472,1667700
2023/11/14,4996.54541,5053.931476,4996.54541,5035.132593,2035000
2023/11/15,5015.344727,5090.540268,5000.503501,5046.016592,2756400
2023/11/16,5042.059082,5042.059082,4965.874123,4994.56716,2431500
2023/11/17,5164.746094,5196.407372,5033.153904,5046.016298,4624300
2023/11/20,5102.413086,5141.00027,5066.794146,5102.413086,3208100
2023/11/21,5107.360352,5138.032217,5100.434446,5110.328597,2385800
2023/11/22,5174.640137,5194.428436,5098.455186,5107.359921,2522200
2023/11/24,5062.836914,5164.746666,5057.889839,5163.757251,2666400
2023/11/27,5005.450195,5055.910357,4954.000618,5039.090303,3195300
2023/11/28,5022.270508,5054.921203,5004.461038,5018.312848,2092600
2023/11/29,4935.202148,5024.249501,4935.202148,4996.54588,2600500
2023/11/30,4971.810547,4974.778792,4859.017233,4916.403305,6122500
2023/12/1,5020.291504,5038.100973,4949.053627,4976.757246,2804800
2023/12/4,4991.598145,5001.492293,4928.275591,4975.767506,2265100
2023/12/5,5003.47168,5031.1753,4976.757475,4990.609285,2143300
2023/12/6,5123.19043,5133.084579,5016.333619,5037.111332,3159700
2023/12/7,5144.958496,5147.926741,5088.561836,5102.413647,2971900
2023/12/8,5155.841797,5166.725362,5092.519234,5123.1911,3918500
2023/12/11,5243.899414,5254.782979,5136.053181,5156.830895,3937000
2023/12/12,5216.195313,5257.750738,5197.39643,5229.057706,2477800
2023/12/13,5199.375488,5303.264057,5175.62953,5245.87799,3533400
2023/12/14,5141.989746,5228.068851,5112.307296,5191.460496,2610600
2023/12/15,5214.217285,5228.069096,5175.630098,5215.2067,3045400
2023/12/18,5227.079102,5227.079102,5158.809471,5204.322558,2132900
2023/12/19,5210.259277,5210.259277,5118.243684,5176.619168,2383800
2023/12/20,5252.803711,5295.348552,5215.205945,5221.142434,2757800
2023/12/21,5215.206543,5233.016013,5171.672282,5207.291223,1794600
2023/12/22,5206.30127,5250.824941,5184.534141,5209.269514,1684800
2023/12/25,5252.803711,5255.771956,5210.25887,5219.163604,1172800
2023/12/26,5187.50293,5245.878416,5167.714629,5243.899586,1735200
2023/12/27,5231.037109,5235.984184,5185.524019,5194.428754,2334500
2023/12/28,5204.322266,5213.227,5161.777426,5210.258755,1565900
2023/12/29,5195.418945,5252.805024,5167.715321,5205.313097,2361400
2024/1/4,5097.46582,5184.534336,5051.952733,5182.555506,3583200
2024/1/5,5218.174805,5235.984275,5098.455588,5110.328568,3223700
2024/1/9,5245.878418,5292.380924,5221.143043,5243.899588,2604100
2024/1/10,5408.14209,5423.972729,5273.581657,5275.560487,5216200
2024/1/11,5404.185059,5473.444113,5355.703721,5441.782831,4540500
2024/1/12,5487.29541,5488.284825,5401.216308,5479.38009,4239600
2024/1/15,5441.782227,5502.136539,5410.120948,5495.210634,901500
2024/1/16,5623.834473,5639.665112,5410.120847,5495.210532,5541400
2024/1/17,5583.269043,5703.977677,5534.787706,5596.131438,5384200
2024/1/18,5510.051758,5590.194367,5483.337555,5577.331973,2989400
2024/1/19,5503.125977,5605.035717,5472.454113,5584.258003,2358900
2024/1/22,5533.79834,5533.79834,5464.539287,5506.094719,1906500
2024/1/23,5483.337891,5587.226465,5475.422571,5535.776885,2315000
2024/1/24,5421.994141,5485.3167,5419.025896,5481.35904,2847400
2024/1/25,5503.125977,5545.67082,5441.782249,5443.761079,2743500
2024/1/26,5390.33252,5497.189332,5384.39603,5491.252842,2840100
2024/1/29,5438.813965,5442.771625,5352.734864,5405.173857,2263300
2024/1/30,5475.422363,5539.734335,5448.708159,5473.443533,3534800
2024/1/31,5443.76123,5587.226403,5403.195216,5442.771815,6177900
2024/2/1,5441.782227,5493.231804,5404.184458,5418.036268,3841400
2024/2/2,5361.639648,5471.464709,5360.650233,5464.538804,3514900
2024/2/5,5153.862793,5377.470585,5145.947473,5368.56585,6858900
2024/2/6,5081.635254,5156.830791,5051.952805,5154.851961,6515800
2024/2/7,5057.889648,5104.392155,5006.440067,5082.625024,5103700
2024/2/8,5057.889648,5080.646194,4997.535331,5075.699119,3772900
2024/2/9,5105.381348,5146.936777,5047.005863,5093.508368,5041000
2024/2/13,5191.460938,5194.429183,5082.625278,5164.74673,4428700
2024/2/14,5192.449707,5200.365027,5106.370606,5150.894279,3752300
2024/2/15,5241.920898,5242.910313,5172.661845,5214.217277,3729700
2024/2/16,5256.76123,5296.337825,5222.13171,5248.845911,3872000
2024/2/19,5494.22168,5496.20051,5279.518617,5296.338673,6045800
2024/2/20,5333.935547,5471.464213,5303.263686,5462.55948,4497800
2024/2/21,5328,5347.788301,5210.25961,5278.529248,4050700
2024/2/22,5313.158691,5330.968162,5280.507996,5299.306881,3107400
2024/2/26,5268.634766,5332.946739,5247.857051,5310.190195,3770800
2024/2/27,5231.037109,5301.285574,5231.037109,5268.634879,3005700
2024/2/28,5269.624512,5350.756545,5242.910306,5243.899721,3354900
2024/2/29,5306.232422,5345.80902,5261.708749,5265.666409,3584400
2024/3/1,5331.95752,5342.841085,5270.613789,5294.359749,2935900
2024/3/4,5224.111328,5352.735281,5224.111328,5327.999906,3196100
2024/3/5,5220.15332,5228.06864,5125.169484,5200.365021,2826500
2024/3/6,5153.862793,5208.280619,5122.201513,5199.375883,4164900
2024/3/7,5114.286621,5171.672697,5095.487734,5142.979659,3882900
2024/3/8,4966.863281,5012.376371,4886.720667,4931.244341,14538800
2024/3/11,4866.932129,4965.873624,4791.736593,4965.873624,9171700
2024/3/12,4894.635742,4894.635742,4800.641322,4848.13324,4408000
2024/3/13,4865.942871,4915.41362,4828.345102,4912.445375,3981000
2024/3/14,4819.439941,4850.111803,4763.043293,4848.132973,5267800
2024/3/15,4831.313477,4890.678377,4810.535761,4819.440496,10629600
2024/3/18,4937.181152,4946.085888,4843.186722,4848.133797,4125100
2024/3/19,4971.810547,4971.810547,4908.487985,4941.138681,3548100
2024/3/21,4930.254883,5040.079946,4895.625358,5035.132871,4675300
2024/3/22,4985.662109,4998.524504,4937.180775,4965.87381,3696200
2024/3/25,4903.540039,4983.682643,4902.550624,4983.682643,3486000
2024/3/26,4889.688477,4909.476775,4849.122465,4896.614381,3295700
2024/3/27,4897.604492,4927.286944,4874.847946,4923.329283,4966500
2024/3/28,4793.547363,4868.864626,4786.610247,4861.92751,4943000
2024/3/29,4801.475098,4859.945073,4795.528998,4808.412213,1542000
2024/4/1,4835.169922,4852.017204,4787.601126,4808.412474,2793300
2024/4/2,4730.12207,4825.259661,4718.229872,4817.331528,4049400
2024/4/3,4663.723633,4761.834266,4653.813468,4727.148689,4209400
2024/4/4,4674.625488,4719.221237,4667.688372,4687.508705,3398200
2024/4/5,4652.82373,4676.608133,4600.299842,4632.012378,3535900
2024/4/8,4678.589844,4703.365261,4641.922226,4671.652727,2240500
2024/4/9,4705.347168,4741.023768,4687.508868,4706.338185,2134200
2024/4/10,4795.529785,4845.08062,4684.535915,4697.419132,4007100
2024/4/11,4705.347168,4765.799185,4690.481918,4755.889018,2899700
2024/4/12,4737.05957,4788.592436,4704.356021,4735.077537,2638400
2024/4/15,4728.140137,4740.032336,4664.715075,4698.409639,2107200
2024/4/16,4669.67041,4671.652443,4627.056695,4658.769227,3531400
2024/4/17,4474.44043,4638.949203,4470.476363,4633.003103,6631400
2024/4/18,4555.703613,4591.380213,4478.404313,4489.305497,3662000
2024/4/19,4505.161621,4542.820253,4457.592823,4529.937037,4339700
2024/4/22,4603.272461,4619.128728,4547.775527,4574.532977,2910900
2024/4/23,4661.742188,4669.67032,4609.218307,4644.894905,2917000
2024/4/24,4684.536133,4720.212735,4672.643932,4697.41935,3121500
2024/4/25,4564.622559,4656.787104,4551.739343,4637.957789,3706400
2024/4/26,4612.191406,4618.137506,4534.892109,4548.766342,4063300
2024/4/30,4322.814453,4504.170493,4233.622958,4439.754413,17865100
2024/5/1,4343.626465,4368.401884,4291.102576,4343.626465,6041900
2024/5/2,4291.102051,4360.473216,4278.218834,4360.473216,4227100
2024/5/7,4239.569336,4316.868637,4231.641203,4296.057286,5501900
2024/5/8,4317.859863,4385.249,4263.353944,4272.273094,7262700
2024/5/9,4290.11084,4348.580819,4273.263558,4342.634719,3372500
2024/5/10,4405.068848,4450.655612,4297.048037,4310.922269,5153700
2024/5/13,4476.422852,4499.216238,4419.934894,4437.773197,4009200
2024/5/14,4574.533203,4580.479303,4465.521363,4481.377631,4296900
2024/5/15,4508.134766,4629.038798,4501.197649,4626.065748,3686800
2024/5/16,4523.991699,4541.830002,4440.746288,4521.018649,2925800
2024/5/17,4530.927246,4553.720625,4505.160818,4520.026065,2084400
2024/5/20,4644.894531,4664.714862,4539.846778,4547.77491,3538300
2024/5/21,4628.047363,4694.445473,4622.101264,4693.454457,3052600
2024/5/22,4569.577637,4617.146434,4565.61357,4615.164401,2340100
2024/5/23,4545.793457,4592.37124,4525.973124,4568.58684,2310100
2024/5/24,4525.972656,4545.792988,4442.727265,4459.574546,2637500
2024/5/27,4543.811523,4566.604907,4509.125939,4525.973223,1665600
2024/5/28,4476.422852,4551.740128,4467.5037,4535.883859,2478600
2024/5/29,4328.760254,4450.655289,4328.760254,4449.664272,4411600
2024/5/30,4298.038574,4301.011624,4251.460799,4279.209261,3428200
2024/5/31,4347.589844,4350.562894,4276.236648,4283.173764,6512400
2024/6/3,4464.530273,4477.413491,4382.275887,4412.006388,3266800
2024/6/4,4512.099121,4542.820639,4464.530319,4488.31472,2999600
2024/6/5,4536.874023,4583.451804,4483.359127,4523.990808,3037100
2024/6/6,4498.224609,4605.254408,4469.485126,4605.254408,2592600
2024/6/7,4534.891602,4581.469378,4490.295858,4499.215007,2113300
2024/6/10,4372.365723,4528.946363,4364.437589,4526.964329,4451300
2024/6/11,4365.428223,4395.158721,4345.60789,4361.464156,2925200
2024/6/12,4338.671387,4363.446806,4328.761219,4354.527655,2724200
2024/6/13,4360.473145,4397.14076,4345.607895,4362.455178,2717900
2024/6/14,4368.401367,4390.203733,4314.886468,4350.563068,4048100
2024/6/17,4345.60791,4380.293492,4330.742661,4351.55401,1983700
2024/6/18,4416.961426,4446.691927,4365.428557,4378.311775,2537800
2024/6/19,4424.888672,4459.574249,4394.16716,4434.798837,2054700
2024/6/20,4432.817383,4519.03583,4408.041967,4444.709582,2784900
2024/6/21,4513.089844,4562.640676,4463.539011,4483.359344,4186600
2024/6/24,4459.574219,4486.331664,4427.861691,4472.457433,2929200
2024/6/25,4463.538574,4478.403823,4435.790111,4455.610442,2555700
2024/6/26,4483.358887,4489.304986,4421.91586,4479.394821,3329800
2024/6/27,4464.530273,4489.305691,4445.700956,4473.449424,2714600
2024/6/28,4441.736816,4501.197818,4439.754783,4469.485284,4615700
2024/7/1,4446.691895,4498.224762,4434.799694,4468.494262,3028500
2024/7/2,4457.592773,4459.574807,4380.293477,4440.745491,3107400
2024/7/3,4460.565918,4488.314384,4430.835419,4472.458118,2640300
2024/7/4,4548.766602,4562.640835,4458.584083,4460.566116,3263700
2024/7/5,4563.631348,4592.370828,4522.999668,4563.631348,2681700
2024/7/8,4442.727539,4553.721401,4439.754489,4553.721401,4132300
2024/7/9,4437.772461,4449.66466,4406.059929,4441.736527,3366700
2024/7/10,4483.358887,4558.676145,4390.203331,4541.828863,9216100
2024/7/11,4534.891602,4541.828717,4478.40366,4505.161106,4581200
2024/7/12,4561.648926,4655.795493,4509.125052,4526.963348,6070200
2024/7/16,4505.161621,4598.317185,4505.161621,4598.317185,2555300
2024/7/17,4579.488281,4585.434382,4486.332709,4512.099144,2489300
2024/7/18,4524.981934,4587.415981,4515.071767,4548.766333,3029100
2024/7/19,4468.494141,4514.080907,4449.664824,4514.080907,3455400
2024/7/22,4458.583496,4483.35891,4395.158436,4467.502645,2703100
2024/7/23,4399.122559,4472.457785,4365.427995,4450.65542,3139400
2024/7/24,4285.15625,4408.042322,4284.165233,4381.284871,4246000
2024/7/25,4332.724609,4371.374257,4232.631932,4261.371414,4874400
2024/7/26,4361.463867,4393.176397,4293.083725,4348.580652,4011900
2024/7/29,4535.883301,4538.856351,4384.25775,4393.1769,5500300
2024/7/30,4508.134766,4542.820349,4470.476133,4502.188666,3479600
2024/7/31,4243.533203,4258.398453,4054.249027,4193.982372,15053900
2024/8/1,4067.132324,4212.811772,3993.797092,4211.820755,8038000
2024/8/2,3977.940674,4079.024368,3964.066441,3970.012541,6644400
2024/8/5,3561.713623,3937.308911,3504.234661,3864.964699,9987600
2024/8/6,3959.111572,3968.030722,3752.980106,3752.980106,7166000
2024/8/7,3925.416748,3991.81486,3790.638491,3812.440856,6962300
2024/8/8,3888.749512,3944.246447,3803.522076,3856.045961,4563100
2024/8/9,3882.803467,3928.390235,3850.099915,3897.668717,5903100
2024/8/13,3838.20752,3899.650552,3766.85432,3883.794286,5348800
2024/8/14,3913.524658,3916.497708,3835.234345,3862.98281,3645000
2024/8/15,3847.126709,3963.075659,3830.279426,3944.246343,5092500
2024/8/16,3917.489014,3931.363247,3852.081911,3884.785463,5068500
2024/8/19,3835.234375,3916.497739,3833.252342,3914.515706,3633300
2024/8/20,4003.707275,4023.527608,3871.902061,3890.731377,4187300
2024/8/21,4022.536621,4044.338988,3946.228338,3949.201388,2830300
2024/8/22,4087.943359,4088.934376,4025.509315,4025.509315,3099300
2024/8/23,3993.796875,4084.970402,3975.958576,4078.033286,3553900
2024/8/26,3997.760986,4005.689119,3894.695259,3975.958621,3271200
2024/8/27,3960.102539,3988.842022,3956.138472,3970.012706,2467300
2024/8/28,3947.219482,3974.96795,3915.506948,3965.057783,2348900
2024/8/29,3948.210449,3959.111633,3896.677582,3942.264349,7475800
2024/8/30,3952.174316,3970.012616,3919.470768,3950.192283,3897700
2024/9/2,3908.56958,4003.707176,3882.803148,4003.707176,2677600
2024/9/3,3915.506836,3915.506836,3861.991936,3884.785319,3267800
2024/9/4,3902.623535,3922.443868,3840.189487,3846.135587,4316500
2024/9/5,3888.749512,3932.354246,3864.965111,3865.956128,3642800
2024/9/6,3843.162598,3902.623597,3822.351248,3874.875131,2636700
2024/9/9,3861.000732,3861.000732,3780.728387,3784.692453,2944700
2024/9/10,3899.650635,3962.084686,3856.045901,3873.884201,3236200
2024/9/11,3840.189453,3911.542651,3815.414037,3886.767235,2758000
2024/9/12,3887.758301,3928.389983,3860.009835,3868.928985,3010500
2024/9/13,3810.458984,3874.875066,3807.485934,3855.054733,3590800
2024/9/17,3866.947021,3880.821255,3804.512972,3815.414155,2855400
2024/9/18,3791.629883,3861.992068,3776.764632,3845.144784,2945200
2024/9/19,3878.839111,3924.425877,3823.34218,3827.306246,3288600
2024/9/20,3874.875,3950.192263,3874.875,3924.425831,3383800
2024/9/24,3790.638672,3890.731353,3783.701555,3882.80322,4289700
2024/9/25,3748.024902,3791.629634,3738.114736,3767.845235,3648100
2024/9/26,3779.737305,3779.737305,3692.527844,3736.132574,5604200
2024/9/27,3824.415527,3824.415527,3753.923964,3786.687648,4700000
2024/9/30,3671.518066,3744.988141,3638.754384,3703.28891,5349200
2024/10/1,3680.453613,3691.374841,3649.675609,3683.43213,3171300
2024/10/2,3608.969238,3691.374863,3597.055172,3650.66847,3638400
2024/10/3,3707.26001,3722.152591,3646.696844,3673.503491,3484700
2024/10/4,3697.331787,3740.023857,3697.331787,3712.224369,2573900
2024/10/7,3758.888184,3784.701996,3743.002761,3743.002761,2893000
2024/10/8,3649.675781,3717.188826,3641.73307,3698.324887,3303400
2024/10/9,3661.589844,3685.417977,3646.69726,3677.475266,2878100
2024/10/10,3621.876221,3677.475198,3615.919187,3675.48952,2735200
2024/10/11,3583.155273,3643.718441,3582.162435,3608.969083,3018300
2024/10/15,3624.854492,3657.618173,3589.112295,3595.069328,5231100
2024/10/16,3542.448975,3602.019305,3531.527747,3586.133883,4478400
2024/10/17,3504.720947,3581.169535,3504.720947,3543.44166,3368500
2024/10/18,3521.599365,3540.463303,3500.74975,3512.663816,2240600
2024/10/21,3583.155273,3594.0765,3509.685201,3522.592106,3230200
2024/10/22,3553.370117,3587.126637,3531.527663,3582.162443,2649200
2024/10/23,3574.219971,3614.926365,3565.284421,3584.14836,2639300
2024/10/24,3529.541992,3556.34864,3494.792634,3531.52767,3914900
2024/10/25,3487.843018,3541.456318,3487.843018,3525.570895,3349700
2024/10/28,3588.119629,3601.026534,3487.842904,3487.842904,3837000
2024/10/29,3593.08374,3595.069418,3545.427476,3580.176835,3070100
2024/10/30,3630.811523,3663.575204,3610.954747,3623.861652,18051700
2024/10/31,3678.467773,3780.73017,3534.506147,3574.219699,11970400
2024/11/1,3715.203125,3801.580108,3621.876269,3670.525375,6422200
2024/11/5,3747.966553,3767.823329,3670.525125,3744.988036,4411400
2024/11/6,3724.138428,3800.587017,3724.138428,3782.715918,3825400
2024/11/7,3840.300537,3842.286215,3754.916399,3772.787498,4556900
2024/11/8,3812.501221,3881.007102,3805.551349,3871.078713,3681300
2024/11/11,3876.042969,3876.042969,3832.358058,3859.164708,2781200
2024/11/12,3774.773193,3890.935335,3745.980868,3884.978302,3948900
2024/11/13,3701.303223,3793.637235,3701.303223,3762.859231,3345900
2024/11/14,3618.897461,3744.98799,3618.897461,3703.28876,3289400
2024/11/15,3605.990723,3682.439315,3605.990723,3628.826016,3120200
2024/11/18,3623.861816,3666.553887,3605.990717,3606.983556,2821700
2024/11/19,3519.61377,3675.489471,3510.67822,3644.711466,5025600
2024/11/20,3484.864258,3557.341492,3480.892903,3517.627939,3721100
2024/11/21,3378.630859,3499.757208,3376.645182,3474.936235,5857500
2024/11/22,3357.781006,3423.30837,3357.781006,3379.623461,4044300
2024/11/25,3456.072021,3516.635191,3386.573302,3393.523174,10064600
2024/11/26,3410.401367,3468.978858,3384.587558,3464.014664,3653600
2024/11/27,3512.663818,3632.797318,3449.122133,3463.021876,13051500
2024/11/28,3524.577881,3537.484786,3484.864327,3515.642331,3128300
2024/11/29,3512.663818,3530.534917,3487.842847,3504.721108,2827500
2024/12/2,3463.021729,3553.370059,3402.458562,3544.43451,4075600
2024/12/3,3465.007568,3498.764089,3451.107825,3474.935957,3684400
2024/12/4,3416.358643,3458.057876,3348.845598,3455.07936,5388100
2024/12/5,3406.430176,3435.222503,3384.587721,3419.337081,2949100
2024/12/6,3401.46582,3466.993183,3381.609044,3435.22234,2882200
2024/12/9,3397.494385,3418.344,3370.687737,3400.472901,2924700
2024/12/10,3379.623535,3420.329929,3362.745274,3414.372896,3162800
2024/12/11,3374.65918,3405.437183,3340.90266,3403.451506,3950900
2024/12/12,3353.80957,3393.523124,3345.86686,3386.573252,3611500
2024/12/13,3320.052979,3335.938399,3306.153235,3307.146074,4285300
2024/12/16,3224.740479,3317.074489,3224.740479,3314.095972,5226200
2024/12/17,3276.368164,3285.303714,3187.012669,3214.812156,5833500
2024/12/18,3280.3396,3294.239344,3242.611723,3277.361083,3621700
2024/12/19,3330.974121,3334.945476,3229.704565,3241.618631,3710100
2024/12/20,3355.795166,3411.394139,3343.8811,3357.780844,5822000
2024/12/23,3338.917236,3391.537698,3301.189358,3390.544859,3205200
2024/12/24,3356.788086,3370.68783,3322.038727,3353.809569,2227600
2024/12/25,3350.831299,3351.824138,3320.053293,3350.831299,2483100
2024/12/26,3376.64502,3435.222513,3341.895659,3341.895659,5057400
2024/12/27,3430.258301,3441.179528,3386.57339,3399.480296,3473400
2024/12/30,3397.494385,3462.028907,3379.623286,3430.258065,3364700
2025/1/6,3395.508789,3416.358404,3356.788075,3405.437177,4599400
2025/1/7,3458.057861,3489.828706,3368.702361,3411.394433,4830100
2025/1/8,3339.909912,3448.129347,3327.003007,3448.129347,5775400
2025/1/9,3339.909912,3384.587661,3323.031652,3327.003007,4259000
2025/1/10,3294.239258,3340.902683,3286.296547,3328.988617,4101600
2025/1/14,3270.411377,3294.239511,3237.647693,3276.36841,4170900
2025/1/15,3295.232178,3339.909926,3288.282306,3303.174889,3043200
2025/1/16,3324.024658,3341.895759,3275.375552,3293.246652,2769700
2025/1/17,3288.282227,3356.788106,3256.511384,3326.010102,3077600
2025/1/20,3293.246338,3308.13892,3261.475496,3301.189048,2144000
2025/1/21,3294.239258,3329.981456,3282.325192,3324.024423,2117200
2025/1/22,3313.103271,3321.045982,3264.454167,3308.139077,3075600
2025/1/23,3291.260742,3308.139002,3270.411127,3289.275065,2605600
2025/1/24,3382.601807,3435.222263,3361.752192,3375.651935,5856300
2025/1/27,3503.728271,3522.592209,3415.365615,3425.294003,6243800
2025/1/28,3648.682861,3677.475189,3518.620969,3524.578002,8216000
2025/1/29,3649.675781,3672.511076,3629.819003,3658.611331,4116900
2025/1/30,3669.532227,3698.324552,3620.883125,3652.653967,5778100
2025/1/31,3475.928711,3611.947629,3426.28677,3559.327172,12737100
2025/2/3,3458.057861,3478.907478,3382.602106,3423.3085,4539600
2025/2/4,3484.864258,3523.584972,3458.05761,3511.670906,3478200
2025/2/5,3399.480225,3458.057717,3375.652092,3447.136489,4314600
2025/2/6,3377.637939,3437.208273,3374.659423,3405.437429,2628300
2025/2/7,3345.866943,3388.559014,3342.888427,3377.637787,2234300
2025/2/10,3246.583008,3344.874053,3233.676103,3344.874053,5672000
2025/2/12,3180.062744,3245.590106,3166.163001,3242.61159,7780500
2025/2/13,3228.711914,3247.575852,3175.098617,3187.012683,3415900
2025/2/14,3195.948242,3238.640313,3182.048498,3209.847986,3394300
2025/2/17,3157.227539,3224.740581,3154.249023,3190.98406,4206800
2025/2/18,3151.270508,3192.969739,3144.320636,3154.249024,2476400
2025/2/19,3088.72168,3143.327817,3060.922192,3136.377945,5100000
2025/2/20,3034.115479,3078.793226,3020.215735,3072.836193,5457300
2025/2/21,3010.287598,3043.051282,2999.36637,3020.215987,4831600
2025/2/25,3044.043701,3057.943444,3008.301505,3008.301505,3649100
2025/2/26,3106.592773,3133.399422,3052.979475,3057.94367,6921200
2025/2/27,3099.642822,3115.528244,3055.957914,3106.592694,3536300
2025/2/28,3063.900879,3103.614435,3040.072745,3099.64308,5140600
2025/3/3,3048.015381,3084.75042,2993.409242,3072.836353,5039700
2025/3/4,3086.73584,3096.664228,3037.0939,3077.800291,3432200
2025/3/5,3080.779053,3110.564219,3068.864986,3082.76473,3209000
2025/3/6,3053.972168,3081.771655,3041.065263,3075.814622,3429400
2025/3/7,3082.764404,3107.585374,3018.229884,3028.158272,4843000
2025/3/10,3253.532959,3274.382575,3082.764674,3096.664418,12513700
2025/3/11,3177.084229,3312.110308,3155.241774,3276.368111,7595200
2025/3/12,3094.678711,3166.163108,3082.764645,3157.227559,6637600
2025/3/13,3098.649902,3119.499517,3088.721514,3109.571129,3170900
2025/3/14,3099.642822,3130.420826,3084.75024,3096.664306,4211200
2025/3/17,3097.656982,3142.334727,3094.678466,3117.513758,3784200
2025/3/18,3131.413818,3160.206146,3116.521235,3122.478268,2554500
2025/3/19,3139.356445,3169.141611,3128.435218,3137.370768,2130600
2025/3/21,3094.678711,3136.377943,3094.678711,3118.506843,4764900
2025/3/24,3080.779053,3096.664475,3069.857825,3077.800536,2494300
2025/3/25,3092.692871,3108.578292,3065.886223,3077.800289,2994400
2025/3/26,3072.836182,3108.57838,3054.965083,3097.657152,4031100
2025/3/27,3084.750244,3103.614182,3059.929273,3072.836178,5044700
2025/3/28,3036.986328,3071.814153,3018.079795,3063.853507,4520300
2025/3/31,2930.512695,2998.178184,2929.517615,2995.192942,6964400
2025/4/1,2909.616211,2961.360412,2877.773626,2959.37025,4839700
2025/4/2,2852.398926,2916.581633,2850.408764,2910.611149,4436600
2025/4/3,2835.980225,2840.458088,2741.44755,2769.309812,5058900
2025/4/4,2903.645508,2938.970873,2818.068567,2825.034132,6921600
2025/4/7,2876.77832,2927.527436,2777.76779,2853.891464,13169400
2025/4/8,2954.892334,2967.330844,2853.891636,2891.207165,7942100
2025/4/9,2963.848145,2981.759599,2914.094105,2950.414554,6213100
2025/4/10,3134.504395,3148.435525,3000.168492,3066.838903,8488500
2025/4/11,3087.735596,3104.651969,3037.981558,3038.976639,5263000
2025/4/14,3080.77002,3122.563411,3065.843808,3094.70115,2932600
2025/4/15,3077.784668,3119.578058,3059.873215,3109.627251,3149200
2025/4/16,3099.676514,3104.651917,3059.873284,3069.824091,2679600
2025/4/17,3052.907715,3118.583044,3030.020858,3099.67651,3046400
2025/4/18,3057.883301,3073.804594,3010.119422,3062.858705,2713900
2025/4/21,3103.656738,3116.592788,3049.92238,3052.907622,2401800
2025/4/22,3108.632324,3152.415878,3082.760224,3098.681517,2448600
2025/4/23,3117.587891,3140.474747,3102.66168,3134.504263,2769100
2025/4/24,3079.774902,3119.578132,3051.912642,3106.642082,3262600
2025/4/25,3038.976563,3074.799469,3028.030674,3071.814227,3789100
2025/4/28,3129.528809,3159.38123,3085.745258,3086.740338,5869600
2025/4/30,3018.080078,3137.489775,2925.537563,3134.504532,25175500
2025/5/1,3026.040527,3041.961819,2980.266813,3039.971658,6535200
2025/5/2,3148.435547,3167.342081,3020.070128,3063.853682,8685100
2025/5/7,3242.968262,3271.825604,3184.258496,3194.209304,9510600
2025/5/8,3328.545166,3348.446781,3240.978059,3251.923947,6525200
2025/5/9,3268.840332,3344.466471,3250.928878,3339.491067,6321300
2025/5/12,3277.796143,3365.363253,3266.850254,3282.771547,4371000
2025/5/13,3263.86499,3304.663303,3241.973213,3288.74201,4179800
2025/5/14,3279.786133,3292.722182,3232.022257,3274.810729,3714300
2025/5/15,3313.618896,3347.451642,3250.928809,3256.899294,4181300
2025/5/16,3370.338623,3413.127097,3329.540311,3331.530472,5670000
2025/5/19,3224.061768,3383.274694,3215.10604,3382.279614,4758200
2025/5/20,3193.214111,3280.781217,3193.214111,3249.933714,4453200
2025/5/21,3188.23877,3219.086273,3165.351912,3200.179739,3849300
2025/5/22,3099.676514,3174.307569,3075.794576,3169.332166,6408700
2025/5/23,3099.676514,3116.592886,3070.819172,3108.63224,3309700
2025/5/26,3174.307617,3201.174798,3105.647045,3121.568337,3935000
2025/5/27,3137.489746,3182.268382,3137.489746,3174.307736,2134700
2025/5/28,3098.681641,3148.435681,3089.725913,3144.455358,3579300
2025/5/29,3152.415771,3177.29279,3085.745362,3094.701089,3501700
2025/5/30,3197.19458,3199.184742,3108.63239,3150.425783,7775000
2025/6/2,3166.346924,3193.214104,3114.602725,3186.248539,3837600
2025/6/3,3175.302734,3179.283057,3139.479827,3166.347007,3149900
2025/6/4,3168.337158,3227.046923,3164.356835,3182.268289,2947400
2025/6/5,3134.504395,3153.410929,3104.651972,3144.455202,3557500
2025/6/6,3261.874756,3383.274609,3132.514256,3136.494579,11805800
2025/6/9,3220.081299,3274.81074,3205.155088,3246.948479,3869200
2025/6/10,3244.958252,3261.874624,3196.199296,3234.012364,3399800
2025/6/11,3262.869873,3262.869873,3219.086319,3248.938742,2934300
2025/6/12,3188.23877,3232.022323,3188.23877,3225.056758,4509300
2025/6/13,3152.415771,3181.273113,3132.514157,3168.337063,4027600
2025/6/16,3168.337158,3209.13547,3142.465058,3184.25845,2524700
2025/6/17,3320.584473,3326.554957,3193.214136,3204.160025,6487100
2025/6/18,3302.673096,3327.550115,3284.761642,3320.58455,2635700
2025/6/19,3223.06665,3301.678032,3223.06665,3283.766578,3069200
2025/6/20,3184.258301,3226.051691,3174.307494,3198.189431,5356500
2025/6/23,3161.371582,3167.342067,3123.558513,3154.406017,2368200
2025/6/24,3194.209229,3236.00262,3178.287936,3211.125601,2231900
2025/6/25,3193.214111,3215.105888,3154.405962,3186.248546,2364900
2025/6/26,3224.061768,3224.061768,3189.23394,3193.214263,2119600
2025/6/27,3266.850098,3298.692682,3226.051787,3234.012433,3036100
2025/6/30,3307.648438,3309.638599,3264.859965,3282.771419,3728900
2025/7/1,3189.233887,3301.678014,3177.292917,3301.678014,4576800
2025/7/2,3236.997803,3261.874822,3176.297875,3224.061752,3966000
2025/7/3,3201.174805,3214.110855,3161.371574,3200.179724,3509900
2025/7/4,3151.420898,3201.174939,3151.420898,3184.258565,2774900
2025/7/7,3134.504395,3174.307625,3122.563425,3164.356817,2755300
2025/7/8,3125.548828,3165.352061,3115.59802,3140.47504,3930700
2025/7/9,3090.720703,3143.459981,3077.784654,3143.459981,3571100
2025/7/10,3058.878418,3084.750519,3043.952206,3084.750519,4059800
2025/7/11,3038.976563,3090.720761,3034.99624,3079.774873,2970500
2025/7/14,3001.163574,3037.981562,3001.163574,3034.99632,2965300
2025/7/15,2981.261963,3013.104547,2978.276721,3012.109467,3988400
2025/7/16,2992.208008,3017.085028,2981.262119,2984.744902,3275800
2025/7/17,3079.774902,3079.774902,2992.207797,2992.207797,3662200
2025/7/18,3099.676514,3118.583048,3082.760141,3094.70111,3261500
2025/7/22,3121.568359,3138.484732,3091.715936,3098.681502,2942400
2025/7/23,3240.978027,3258.889481,3134.504386,3146.445355,6654500
2025/7/24,3208.140381,3266.850146,3200.179735,3240.978046,3877600
2025/7/25,3111.617676,3219.086403,3099.676706,3184.258575,4060800
2025/7/28,3142.465088,3147.440492,3107.637261,3129.529038,3169400
2025/7/29,3096.691406,3133.509395,3082.760275,3124.553668,3763600
2025/7/30,3058.878418,3109.627539,3058.878418,3089.725923,4415400
2025/7/31,3099.676514,3200.179669,3054.89788,3190.228861,10317600
2025/8/1,3159.381348,3159.381348,3094.7011,3109.627311,4098100
2025/8/4,3170.327148,3211.125458,3105.646902,3139.479646,3310900
2025/8/5,3145.450195,3176.297698,3127.538742,3144.455115,3051100
2025/8/6,3198.189453,3203.164857,3123.558399,3139.47969,3145300
2025/8/7,3204.160156,3224.061772,3172.317571,3184.25854,3399500
2025/8/8,3212.120605,3266.850046,3206.150121,3224.061574,4140100
2025/8/12,3266.850098,3294.712359,3209.135414,3224.061625,4596100
2025/8/13,3284.761475,3302.672928,3255.904134,3278.79099,3891100
2025/8/14,3338.49585,3338.49585,3286.751652,3293.717217,3967700
2025/8/15,3488.753174,3489.748255,3347.451705,3350.436947,6745700
2025/8/18,3474.822021,3525.57114,3472.83186,3512.63509,4679000
2025/8/19,3497.70874,3497.70874,3419.097363,3486.762852,3276700
2025/8/20,3653.936523,3695.729915,3531.541591,3532.536672,10115200
2025/8/21,3600.202148,3660.902074,3558.408757,3641.99554,5020600
2025/8/22,3587.266113,3599.207082,3522.585864,3583.28579,3656700
2025/8/25,3510.644775,3606.172524,3510.644775,3601.197121,4022000
2025/8/26,3421.087646,3482.782653,3421.087646,3479.797411,4129400
2025/8/27,3499.698975,3509.649782,3399.19582,3421.087596,3834100
2025/8/28,3553.43335,3571.344803,3470.841648,3483.777697,3700600
2025/8/29,3501.689209,3539.502278,3489.74824,3533.531793,3237400
2025/9/1,3598.211914,3650.951193,3513.630052,3521.590698,4556800
2025/9/2,3551.443115,3648.961026,3537.511985,3622.093847,3775800
2025/9/3,3589.256348,3589.256348,3522.585936,3552.438359,3654000
2025/9/4,3615.128418,3632.044791,3550.448168,3591.24648,3586000
2025/9/5,3630.054688,3639.010415,3575.325245,3600.202264,2859100
2025/9/8,3637.02002,3694.734701,3623.088889,3653.936392,4551000
2025/9/9,3667.867676,3680.803726,3626.074284,3662.892272,3205000
2025/9/10,3651.946289,3679.80855,3634.034836,3654.931531,3100200
2025/9/11,3583.285889,3649.956301,3550.448223,3623.08912,4187900
2025/9/12,3576.320313,3594.231766,3537.512162,3569.354747,3843500
2025/9/16,3696.725098,3696.725098,3572.34,3582.290808,4717600
2025/9/17,3663.887207,3683.788821,3615.128252,3681.79866,4104600
2025/9/18,3622.093994,3679.808679,3618.113671,3646.971013,3215800
2025/9/19,3536.51709,3598.212098,3533.531848,3587.26621,6163500
2025/9/22,3614.133301,3671.847985,3566.369425,3581.295636,4842700
2025/9/24,3632.044678,3670.852826,3593.236529,3656.921696,3610000
2025/9/25,3627.069336,3662.892243,3612.143125,3646.970951,3733800
2025/9/26,3523.580811,3621.098721,3512.634923,3619.108559,7167300
2025/9/29,3525.575195,3593.374718,3515.604677,3569.445475,5243200
2025/9/30,3556.483643,3567.451212,3471.734243,3490.678226,3774200
2025/10/1,3578.418701,3607.333202,3529.563166,3546.513045,3904300
2025/10/2,3469.740234,3563.463103,3469.740234,3542.525015,3251200
2025/10/3,3476.719482,3487.687052,3446.80793,3467.746017,2495300
2025/10/6,3603.345215,3603.345215,3523.581071,3532.554537,4512900
2025/10/7,3566.454102,3593.374499,3523.580876,3593.374499,3645900
2025/10/8,3433.846436,3622.289228,3433.846436,3578.418948,4819200
2025/10/9,3516.601563,3516.601563,3431.852163,3433.846266,3333800
2025/10/10,3560.471924,3567.451286,3492.672402,3521.586904,3779600
2025/10/14,3549.504395,3574.430689,3487.687183,3503.640012,3488800
2025/10/15,3569.445313,3619.297901,3554.489536,3580.412882,2281700
2025/10/16,3561.468994,3574.430667,3531.55744,3572.436564,1734400
2025/10/17,3579.415771,3595.368599,3542.524857,3556.483581,1839800
2025/10/20,3579.415771,3626.277204,3569.445254,3601.35091,2493800
2025/10/21,3588.389404,3619.29801,3575.427731,3579.415938,2439000
2025/10/22,3554.489502,3614.312607,3543.521933,3589.386313,2377300
2025/10/23,3494.666504,3549.504352,3487.687141,3539.533834,2121000
2025/10/24,3477.716553,3522.583882,3467.746035,3479.710656,2131100
2025/10/27,3481.704834,3508.625232,3470.737264,3507.62818,2467800
2025/10/28,3504.636963,3523.580946,3452.790271,3475.722462,3160000
2025/10/29,3450.796143,3500.648731,3450.796143,3494.66642,2708500
2025/10/30,3454.784424,3528.566256,3401.940679,3528.566256,4315500
2025/10/31,3110.801514,3253.379916,3095.845737,3175.609879,18262100
2025/11/4,3121.769043,3159.65701,3092.854542,3158.659958,8090300
2025/11/5,3132.736572,3202.530194,3111.798486,3145.698245,6143000
2025/11/6,3066.931152,3130.742464,3048.984221,3090.860394,6487800
2025/11/7,3101.828125,3101.828125,3042.005017,3048.98438,5196500
2025/11/10,3085.875244,3122.76616,3048.984328,3115.786797,4112700
2025/11/11,3061.946045,3109.804531,3051.975527,3078.895925,3083100
2025/11/12,3069.922363,3116.783796,3066.931208,3068.925312,3908800
2025/11/13,3072.913574,3108.807438,3062.943056,3096.842817,2686700
2025/11/14,3152.677734,3152.677734,3071.91654,3088.86642,4590200
2025/11/17,2973.707031,3098.837034,2958.252728,3089.863567,11614800
2025/11/18,2996.140625,3024.058075,2983.178952,3001.125884,5411300
2025/11/19,3027.049072,3053.969469,2999.131624,3025.054969,3749500
2025/11/20,2976.199463,3043.998982,2976.199463,3002.122808,4127100
2025/11/21,3063.940186,3063.940186,2992.152456,2995.143611,9781200
2025/11/25,2984.674561,3045.993246,2984.674561,3035.025676,4808000
2025/11/26,3011.096436,3024.058109,2997.13771,3013.090539,3571900
2025/11/27,3033.031494,3033.031494,3002.122889,3009.102252,2336600
2025/11/28,2998.134766,3034.02863,2991.155403,3034.02863,3567800
2025/12/1,2923.355713,2990.656706,2923.355713,2990.656706,6066500
2025/12/2,2912.388184,2937.314478,2903.414718,2923.355753,3929000
2025/12/3,2886.963379,2924.35282,2884.470749,2912.388199,4199900
2025/12/4,2946.288086,2950.276293,2885.966452,2888.459081,3169800
2025/12/5,2891.450195,2921.860275,2891.450195,2901.420713,3210700
2025/12/8,2883.473633,2919.367495,2883.473633,2917.871918,3847900
2025/12/9,2836.612305,2875.99585,2823.650632,2874.001746,6004000
2025/12/10,2822.653564,2842.096074,2799.721374,2837.609341,4765300
2025/12/11,2783.768555,2840.600506,2776.789192,2840.600506,5110000
2025/12/12,2853.562256,2870.512136,2836.113849,2841.099108,5027000
2025/12/15,2858.048828,2912.388148,2847.579785,2883.473648,5393700
2025/12/16,2837.11084,2877.491437,2835.615262,2858.048927,4156700
2025/12/17,2806.700684,2827.140245,2800.718373,2815.674149,3530100
2025/12/18,2846.084229,2855.057694,2821.656461,2829.632875,3352900
2025/12/19,2856.054932,2860.541665,2825.146325,2841.59768,4730600
2025/12/22,2873.503174,2904.910304,2849.075406,2881.479588,4002000
2025/12/23,2899.925049,2910.394092,2872.0076,2876.992858,3337900
2025/12/24,2889.456055,2928.341074,2885.467848,2891.450158,3256600
2025/12/25,2906.406006,2924.851464,2891.948755,2903.41485,2482000
2025/12/26,2907.403076,2923.355905,2895.93698,2907.901602,3227100
2025/12/29,2874.998779,2920.863161,2866.523839,2920.364635,4143000
2025/12/30,2889.95459,2896.933952,2872.007658,2894.939849,3266400
2026/1/5,2851.568115,2903.913334,2846.582856,2891.450187,4644600
2026/1/6,2859.045898,2860.541476,2832.624027,2845.5857,4652500
2026/1/7,2918.370605,2938.311641,2847.579928,2860.541601,5804500
2026/1/8,2898.927979,2925.34985,2865.526745,2902.41766,3806200
2026/1/9,2881.479736,2924.85149,2877.491529,2898.429617,3618100
2026/1/13,2883.972168,2905.907306,2874.500176,2891.450056,4131400
2026/1/14,2884.969238,2893.942704,2868.517884,2880.482505,3627000
2026/1/15,2865.02832,2883.972304,2843.591707,2880.981149,4426200
2026/1/16,2813.181641,2863.532756,2810.190485,2862.535704,5236700
2026/1/19,2808.196289,2814.677126,2786.759676,2806.202186,4675500
2026/1/20,2833.122559,2848.078335,2796.73017,2803.709532,4725900
2026/1/21,2794.736084,2826.64174,2772.800945,2826.64174,5746100
2026/1/22,2775.293701,2809.691988,2775.293701,2793.73916,3775600
2026/1/23,2786.759766,2813.680164,2783.76861,2799.721439,3454700
2026/1/26,2817.169678,2826.641669,2766.818565,2797.727169,5012200
2026/1/27,2751.862793,2799.721276,2748.871638,2792.741914,5625900
2026/1/28,2725.939453,2744.38491,2703.007263,2741.892281,5067900
2026/1/29,2737.405762,2739.399865,2699.517793,2716.467674,4989200
2026/1/30,2701.511719,2769.311238,2655.148812,2756.848091,12416300
2026/2/2,2751.364258,2757.845094,2702.010197,2754.853939,5523100
2026/2/3,2689.547119,2755.851061,2689.547119,2749.868751,6354100
2026/2/4,2642.187256,2682.069328,2629.724108,2678.08112,6005900
2026/2/5,2731.921875,2745.382074,2667.113509,2685.060441,5117100
2026/2/6,2746.37915,2748.373254,2693.03688,2731.921899,5205600
2026/2/9,2744.38501,2767.317201,2728.930707,2765.821623,4264800
2026/2/10,2765.821533,2788.753723,2736.907033,2741.393766,4000800
2026/2/12,2805.205078,2818.665277,2739.898189,2766.818586,5178600
2026/2/13,2810.688965,2836.612311,2788.753826,2826.641793,5042500
2026/2/16,2747.874756,2821.656589,2724.942565,2820.659537,4407200
2026/2/17,2729.429199,2755.851071,2716.966052,2733.915932,2551900
2026/2/18,2761.334961,2780.777471,2726.936674,2729.927829,2828500
2026/2/19,2750.865967,2783.768677,2739.898397,2764.824692,2644800
2026/2/20,2702.508789,2742.390859,2702.508789,2741.892333,3394400
2026/2/24,2701.511719,2741.892315,2684.063313,2704.004348,4038100
2026/2/25,2767.317139,2767.317139,2713.476344,2721.951284,4125300
2026/2/26,2809.691895,2851.069543,2779.281815,2781.774445,5916500
2026/2/27,2807.697754,2857.550342,2807.697754,2842.594565,8826000
2026/3/2,2782.272949,2825.644701,2760.836336,2810.688925,4775500
2026/3/3,2707.992676,2753.857058,2707.992676,2742.390963,4571100
2026/3/4,2785.762695,2816.671301,2695.030983,2701.013293,7445700
2026/3/5,2740.396729,2805.205092,2732.91884,2746.379039,4780500
2026/3/6,2794.736084,2815.674171,2746.379074,2786.75967,3662900
2026/3/9,2829.633057,2844.090308,2776.78931,2780.777518,8569200
2026/3/10,2792.741943,2810.688875,2759.34071,2804.706564,5368100
2026/3/11,2823.650635,2840.101989,2792.74203,2796.730237,3703200
2026/3/12,2784.26709,2812.683066,2758.343744,2811.686014,4396000
2026/3/13,2778.783203,2807.199178,2759.83922,2761.334798,4040300
2026/3/16,2752.361328,2804.706544,2749.370173,2791.744872,3084200
2026/3/17,2797.727295,2818.665382,2780.777415,2780.777415,2842400
2026/3/18,2823.650635,2838.606411,2790.747926,2791.744978,3598100
2026/3/19,2715.968994,2791.246402,2715.968994,2742.390866,6346500
2026/3/23,2659.137207,2739.898405,2657.143103,2731.92199,6022700
2026/3/24,2676.086914,2695.529423,2643.184206,2655.647353,3736100
2026/3/25,2673.095703,2713.974824,2669.606022,2692.039686,3999400
2026/3/26,2686.555908,2696.0279,2667.113399,2682.069175,3722400
2026/3/27,2705.5,2739.898286,2690.544223,2721.951354,6330900
2026/3/30,2637.5,2669,2601,2661,5791200
2026/3/31,2700,2729.5,2677.5,2691,4855500
2026/4/1,2738,2738,2686,2702,4114300
2026/4/2,2735,2768.5,2710,2713,3089000
2026/4/3,2732.5,2763,2725.5,2735,1704800
2026/4/6,2679.5,2730,2673,2724,3994400
2026/4/7,2645.5,2693.5,2642,2675,3653500
2026/4/8,2674,2687,2655,2675.5,4618200
2026/4/9,2612.5,2691.5,2612.5,2660,5196300
2026/4/10,2607.5,2616,2584,2600,4662900
2026/4/13,2601,2615,2579,2608.5,3406300
2026/4/14,2548,2615,2548,2601,4294600
2026/4/15,2636.5,2647.5,2556.5,2556.5,5357000
2026/4/16,2640.5,2696,2638.5,2666,4044400
2026/4/17,2635,2658,2615,2618,3100700
2026/4/20,2643.5,2665,2640,2649,2678200
2026/4/21,2613,2654,2613,2644,2835000
2026/4/22,2587.5,2626.5,2577.5,2607.5,3559600
2026/4/23,2482,2576,2481.5,2553.5,7872200
2026/4/24,2400,2470,2390,2448,8297100
2026/4/27,2387.5,2424,2378,2397,7915300
2026/4/28,2434.5,2434.5,2395,2415,6665100
2026/4/30,2188.5,2266.5,2188,2250,23914700
2026/5/1,2223,2232,2191,2230,9239000
2026/5/7,2218,2247.5,2144,2223,14737900
2026/5/8,2241.5,2274,2223,2245,8435400
2026/5/11,2202.5,2234.5,2162,2220,6984800
2026/5/12,2182.5,2211,2168,2180,4889200
2026/5/13,2170,2223,2159,2195,5341200
2026/5/14,2149,2171,2131,2160,5794000
2026/5/15,2161,2166,2128,2141,4894400
2026/5/18,2136.5,2188,2115.5,2186,5753000
2026/5/19,2218.5,2232.5,2141.5,2165,6635400
2026/5/20,2230.5,2245.5,2199,2244,5918400
2026/5/21,2141.5,2202.5,2141.5,2200,7407400
2026/5/22,2140,2149,2111,2135,5488800
2026/5/25,2125.5,2141,2103,2140,4427600
2026/5/26,2155.5,2181,2119.5,2134,5745300
2026/5/27,2199,2200,2116,2125,5631100
2026/5/28,2250,2259,2213.5,2220,7737900
2026/5/29,2295.5,2327,2257,2260,11732400
2026/6/1,2248,2295.5,2247,2295,5551100
2026/6/2,2189,2238,2173.5,2221,7497600
2026/6/3,2215,2231.5,2139,2154,5882900
2026/6/4,2184,2215.5,2171.5,2215,4070600
2026/6/5,2180.5,2227.5,2180.5,2205,4043200
2026/6/8,2220,2257.5,2189,2222,6141000
2026/6/9,2198,2236.5,2197,2226,4683900
2026/6/10,2292.5,2292.5,2211.5,2244,7004500
2026/6/11,2305.5,2332,2284,2292.5,5696300
2026/6/12,2264.5,2300,2239.5,2278.5,6707300
2026/6/15,2263,2263.5,2220,2236.5,5004700
2026/6/16,2276,2293.5,2242,2272,4418000
2026/6/17,2291,2303.5,2260.5,2290,4234100
2026/6/18,2300,2300,2244,2275.5,5093300
2026/6/19,2336.5,2336.5,2277.5,2292.5,7179300
2026/6/22,2322.5,2351.5,2308.5,2328,4243200
2026/6/23,2363,2377,2301,2310.5,6554600
2026/6/24,2374,2399.5,2358,2380,6627100